Date,Open,High,Low,Close,Adj Close,Volume
2/2/2015,144.449997,146,142.600006,143.300003,129.761551,1148343
2/3/2015,143.300003,145,141.800003,144.5,130.84816,1190779
2/4/2015,151.699997,156.449997,151.5,156.25,141.488098,3129281
2/5/2015,154.699997,155.449997,152.75,153.5,138.997879,1813581
2/6/2015,152.949997,154,152.5,152.800003,138.364029,1021962
2/9/2015,151.5,152.300003,149.800003,150.600006,136.371902,1202242
2/10/2015,151.649994,156.149994,151.399994,156.149994,141.397507,1439082
2/11/2015,155.5,157.600006,155,156.550003,141.759766,906617
2/12/2015,157,159.949997,156.699997,159.149994,144.114075,1474893
2/13/2015,159.350006,160,158.050003,158.5,143.525497,862611
2/16/2015,157.949997,158.149994,156.300003,156.949997,142.121933,702173
2/17/2015,156.899994,157.75,154.800003,157.600006,142.710526,676920
2/18/2015,158.100006,158.850006,157.300003,158.75,143.751877,576207
2/19/2015,158.149994,160.850006,157.449997,160.800003,145.6082,687559
2/20/2015,160.449997,161,158.800003,161,145.789307,1010041
2/23/2015,162.100006,162.449997,160.300003,161.25,146.015701,654545
2/24/2015,161.850006,161.899994,159.850006,161.199997,145.970428,612916
2/25/2015,160.600006,161.75,160.350006,161.600006,146.332626,575695
2/26/2015,161.899994,162.300003,160.949997,161.949997,146.649536,748534
2/27/2015,161.399994,163.899994,161.25,163.899994,148.415329,855078
3/2/2015,163.899994,164.850006,163.199997,164.75,149.185028,845868
3/3/2015,165,166.300003,162.149994,162.399994,147.057037,760748
3/4/2015,163.300003,165.100006,162.5,165.100006,149.501953,903311
3/5/2015,165.399994,168,165.149994,167.699997,151.856308,795135
3/6/2015,167.350006,169.100006,167.300003,168.899994,152.942947,800225
3/9/2015,168.050003,168.550003,166.699997,167.800003,151.946869,837924
3/10/2015,167.100006,168.449997,166,166.25,150.543289,803530
3/11/2015,166.300003,171.649994,165.600006,171.5,155.297287,1051783
3/12/2015,170.800003,171.25,169.75,170.600006,154.48233,595838
3/13/2015,170.800003,171.300003,169.649994,171.25,155.070938,529314
3/16/2015,172.25,175.399994,171.550003,174.699997,158.194992,895031
3/17/2015,174.5,174.699997,171.449997,172.699997,156.383942,849361
3/18/2015,172.199997,172.199997,169.100006,170.75,154.618179,958047
3/19/2015,170,170.949997,168.300003,168.300003,152.399628,1054885
3/20/2015,168.300003,169.899994,166.399994,169.25,153.259888,1540391
3/23/2015,165,165.649994,160.149994,164.5,148.958649,1144696
3/24/2015,165.100006,167.300003,164.550003,166.449997,150.724411,924880
3/25/2015,166.350006,166.949997,162.949997,163.600006,148.143677,921623
3/26/2015,163,163.149994,159.449997,162.350006,147.011795,1465220
3/27/2015,163,163.800003,161.300003,162.25,146.921204,1021788
3/30/2015,163.75,166.300003,162.850006,164.5,148.958649,846369
3/31/2015,164.800003,165.25,162.75,164.149994,148.641693,931123
4/1/2015,162.850006,165.199997,161.399994,163.300003,147.872025,1079141
4/2/2015,162.75,164.649994,162.449997,163.550003,148.098404,635968
4/7/2015,165.300003,165.899994,163.800003,165.550003,149.909424,801999
4/8/2015,165.649994,167.5,164.75,167.5,151.675186,1206921
4/9/2015,168.5,170.800003,168,170.800003,154.663437,915535
4/10/2015,171.399994,172.75,170.600006,172.399994,156.112274,884643
4/13/2015,171.449997,172.949997,170.149994,172.550003,156.248108,994188
4/14/2015,172.75,173.100006,167.050003,168.25,152.354355,1409767
4/15/2015,169.850006,171.850006,169.550003,171.199997,155.02565,930444
4/16/2015,169.800003,171.449997,168.350006,169.050003,153.078781,918180
4/17/2015,169,169.800003,164.850006,165.449997,149.818893,1402328
4/20/2015,165.550003,166.850006,164.399994,165,149.411407,963464
4/21/2015,164.449997,166.350006,163.800003,164.100006,150.373581,808552
4/22/2015,163.350006,164.100006,160.350006,160.850006,147.395416,1160505
4/23/2015,161.399994,162.199997,158.399994,159.300003,145.975098,1198841
4/24/2015,160.649994,161.399994,159.25,161.050003,147.578705,1108499
4/27/2015,161.050003,162.649994,159.050003,162.649994,149.044876,858188
4/28/2015,162.5,162.5,157,158.850006,145.562729,841900
4/29/2015,159.399994,161,155.699997,155.75,142.722031,1040647
4/30/2015,156.850006,157.899994,154.100006,156.600006,143.500946,1330591
5/4/2015,158.5,159.949997,156.300003,159.5,146.158371,806624
5/5/2015,159.550003,161.949997,154.5,154.649994,141.71402,1231167
5/6/2015,154.75,156.600006,152.399994,154.25,141.347488,1116650
5/7/2015,153.149994,156.449997,150.600006,155.899994,142.859451,1409976
5/8/2015,157.25,160.800003,155.449997,160.800003,147.349609,1026748
5/11/2015,161,161,157.75,158.350006,145.104553,720028
5/12/2015,157.350006,157.350006,155.100006,155.899994,142.859451,890598
5/13/2015,156,157.800003,154.050003,154.399994,141.48494,741004
5/14/2015,154.100006,159.199997,152.550003,158.850006,145.562729,729651
5/15/2015,160.100006,161.100006,157.399994,158.75,145.471085,971636
5/18/2015,159.600006,160.5,156.75,160.149994,146.753967,532555
5/19/2015,161,166,160.949997,165.949997,152.068832,1259460
5/20/2015,165.949997,166.5,164.649994,166,152.114639,606169
5/21/2015,165.149994,166.050003,164.050003,165.600006,151.748108,478351
5/22/2015,165.199997,167.25,163.5,166.399994,152.481186,628900
5/25/2015,166.75,166.75,165.300003,165.899994,152.022995,74424
5/26/2015,166.100006,167.75,164.25,165,151.198288,746734
5/27/2015,165.600006,168.300003,164.300003,167.850006,153.809891,924789
5/28/2015,166.850006,168.5,165.149994,166.550003,152.618622,654715
5/29/2015,166.850006,166.949997,162.100006,162.149994,148.58667,1251558
6/1/2015,161,163.75,160.949997,163.199997,149.548859,636562
6/2/2015,165.449997,167.699997,164.199997,165.100006,151.289917,1299283
6/3/2015,165.949997,168.050003,164.399994,165.550003,151.702271,721096
6/4/2015,164.350006,165.850006,161.149994,163.449997,149.777924,1075593
6/5/2015,162.800003,163.050003,160.149994,160.300003,146.891449,802306
6/8/2015,160.949997,163.25,160.050003,160.25,146.845612,768094
6/9/2015,160.050003,160.399994,154,155.149994,142.172211,1791289
6/10/2015,154.649994,162.550003,153.850006,161.550003,148.03688,1376647
6/11/2015,162.550003,167.949997,162.350006,165.5,151.656448,1311296
6/12/2015,165.550003,166.699997,160.699997,162.350006,148.769989,915409
6/15/2015,160.5,161.949997,159.850006,159.850006,146.479065,727541
6/16/2015,158.449997,161.149994,157.5,160.300003,146.891449,919997
6/17/2015,160.699997,161.699997,157.600006,159.199997,145.883438,925210
6/18/2015,158.550003,159.949997,155.75,159.899994,146.524872,1021329
6/19/2015,159.949997,163.850006,159.399994,159.949997,146.570694,1361113
6/22/2015,163.5,168.300003,163.25,168,153.947357,1226094
6/23/2015,169.5,171.300003,168.25,170.350006,156.100769,821228
6/24/2015,170.25,171.350006,168.5,170.850006,156.558975,873797
6/25/2015,169.25,172,167.949997,170.899994,156.604797,1267703
6/26/2015,169.800003,173.25,169.050003,171.199997,156.879684,781158
6/29/2015,164.699997,167.149994,163.100006,163.600006,149.915405,1468007
6/30/2015,160.75,161.600006,157.149994,157.149994,144.004913,2018611
7/1/2015,159.649994,163.25,157.899994,161.649994,148.12851,1423421
7/2/2015,162.399994,162.449997,158.75,158.899994,145.608521,732236
7/3/2015,159,159.649994,156.949997,157.649994,144.463074,602073
7/6/2015,154.699997,156.100006,152.899994,153.25,140.431137,1261260
7/7/2015,154.300003,154.350006,147.949997,147.949997,135.574463,1508259
7/8/2015,149.449997,151.350006,149,149.350006,136.857376,1476190
7/9/2015,150.600006,154.100006,150.399994,153.399994,140.568573,1296695
7/10/2015,157.100006,159.300003,155.649994,158.75,145.471085,1281926
7/13/2015,160.899994,162.699997,160.899994,162,148.449234,1274659
7/14/2015,161.699997,162.699997,160.25,162.699997,149.090683,626028
7/15/2015,162.75,162.949997,161.199997,161.5,147.991043,838607
7/16/2015,162.5,164.600006,162,162.300003,148.724121,1503743
7/17/2015,163,167.100006,162.649994,166.949997,152.985168,1186561
7/20/2015,167.800003,170.050003,166.600006,169.149994,155.001129,875068
7/21/2015,169.25,170.5,167.75,168.350006,154.268082,745660
7/22/2015,167.100006,169,166.850006,167.5,153.489151,571982
7/23/2015,168.550003,169,166.449997,167.199997,153.214279,591934
7/24/2015,167.199997,169.949997,165.600006,166.050003,152.160446,742718
7/27/2015,165.449997,166,160.800003,160.949997,147.487061,932594
7/28/2015,164.149994,166.800003,163.550003,165.800003,151.931366,1143499
7/29/2015,171.050003,172,168.699997,169,154.863724,1726840
7/30/2015,169.300003,169.800003,166.800003,168.600006,154.497177,874426
7/31/2015,168.550003,170.699997,167.949997,170.699997,156.421494,844474
8/3/2015,170.699997,171.850006,169.649994,171.149994,156.833847,631723
8/4/2015,171.25,171.350006,169.649994,171.100006,156.788071,472366
8/5/2015,172,175.699997,171.649994,175.600006,160.911652,941618
8/6/2015,175,176.600006,174.850006,175.350006,160.682556,611709
8/7/2015,175.100006,175.100006,172.899994,173.449997,158.941467,589595
8/10/2015,174.25,174.800003,172.949997,174.300003,159.720383,602360
8/11/2015,172.5,172.550003,164.050003,164.850006,151.060852,1472539
8/12/2015,161.5,161.5,154.899994,155.850006,142.81366,1995172
8/13/2015,158.600006,161.149994,158.600006,160.399994,146.983047,1212700
8/14/2015,160.949997,162,158.699997,159.600006,146.249985,684756
8/17/2015,161.5,162.5,158.050003,160.300003,146.891449,593420
8/18/2015,159.600006,160.649994,158.149994,158.899994,145.608521,538111
8/19/2015,157.699997,157.949997,154.100006,154.100006,141.210052,865757
8/20/2015,153.649994,154.300003,147.600006,148.050003,135.666107,1455796
8/21/2015,145.399994,150.149994,145.350006,145.699997,133.51265,1537509
8/24/2015,142.050003,144.699997,134.800003,139.300003,127.648018,2917559
8/25/2015,141.699997,148.699997,140.75,147.550003,135.207932,2034184
8/26/2015,147,148.100006,143.149994,145.850006,133.650131,1381801
8/27/2015,150.199997,152.050003,149.100006,151.149994,138.506775,1143928
8/28/2015,151.550003,151.899994,148.550003,150.949997,138.323532,698027
8/31/2015,149.5,150.25,147.600006,148.649994,136.215897,616837
9/1/2015,146.399994,146.699997,142.899994,144.199997,132.138138,1168328
9/2/2015,145.25,148.5,143.949997,147.149994,134.841385,1100711
9/3/2015,149,151.649994,147.649994,150.149994,137.590439,1012239
9/4/2015,148.149994,148.75,145.149994,145.949997,133.741776,1251245
9/7/2015,147.100006,148.800003,145.899994,146.600006,134.337387,367037
9/8/2015,147.850006,150.149994,147.350006,147.800003,135.437012,671731
9/9/2015,152,153.100006,149.75,149.75,137.223892,757910
9/10/2015,148.600006,150.550003,148,149.25,136.765732,881916
9/11/2015,149.949997,150.050003,147.5,148.149994,135.757721,728954
9/14/2015,148.050003,150.300003,147.050003,147.699997,135.345383,667047
9/15/2015,148.199997,150.550003,146.850006,149.899994,137.361343,748725
9/16/2015,152.800003,156.300003,152.149994,155.550003,142.538742,1117304
9/17/2015,155.949997,156.449997,154.449997,155.600006,142.584579,618884
9/18/2015,154.449997,154.449997,149.25,150.649994,138.048615,2365748
9/21/2015,150.699997,153.399994,150.699997,152.149994,139.423126,766840
9/22/2015,152.399994,152.5,146.550003,147.399994,135.070465,1061465
9/23/2015,147.550003,149,146.100006,147.600006,135.253723,948893
9/24/2015,148.050003,149.050003,142.25,144.050003,132.000656,977092
9/25/2015,146.949997,152.649994,146.149994,151.149994,138.506775,1103402
9/28/2015,150.300003,150.899994,146.25,147.149994,134.841385,858025
9/29/2015,145.25,146.850006,143.449997,145.550003,133.375229,878676
9/30/2015,148.949997,153.25,148.850006,152.199997,139.468979,1022741
10/1/2015,154.350006,155.100006,148.600006,149.75,137.223892,959134
10/2/2015,151.399994,151.899994,145.600006,149.199997,136.719925,962834
10/5/2015,151.800003,156.949997,151.350006,156.550003,143.455139,1031535
10/6/2015,156.550003,160.399994,156.100006,159.25,145.929245,795234
10/7/2015,159.600006,163.050003,158.850006,161,147.532883,1059937
10/8/2015,160.300003,162.550003,160.050003,162.350006,148.769989,1000495
10/9/2015,164,165.800003,163.199997,165.75,151.885574,1061574
10/12/2015,165.699997,167,164.550003,166.5,152.5728,806163
10/13/2015,162.399994,162.600006,159.5,161.25,147.761978,1196339
10/14/2015,159.399994,161.800003,157.050003,159.25,145.929245,891550
10/15/2015,159.850006,161.149994,156,160.399994,146.983047,904945
10/16/2015,161,161,157.25,158.649994,145.37944,714985
10/19/2015,158.600006,160.449997,157.550003,158.899994,145.608521,579570
10/20/2015,160.199997,161,157.649994,158.300003,145.058716,683064
10/21/2015,159.25,159.449997,157.399994,158.050003,144.82962,703555
10/22/2015,157.449997,165.850006,156.550003,165.149994,151.335739,1104472
10/23/2015,167.149994,171.350006,166.050003,170.649994,156.375671,1595903
10/26/2015,169.949997,170.100006,167.800003,169.149994,155.001129,608005
10/27/2015,169.300003,169.899994,168.050003,168.5,154.405548,567237
10/28/2015,166.899994,168.600006,166.050003,167.699997,153.67244,833020
10/29/2015,169.149994,169.800003,167.699997,169.050003,154.909531,536243
10/30/2015,169,169.649994,166.649994,169.600006,155.413498,643622
11/2/2015,167.75,169.949997,167.600006,167.899994,153.855682,590901
11/3/2015,168.199997,169.75,167.5,169.75,155.550964,567012
11/4/2015,170,173.350006,169.199997,172.75,158.300034,782536
11/5/2015,172.850006,174.300003,171.300003,173.5,158.987289,944423
11/6/2015,169,169.699997,164.550003,168.75,154.634613,1521393
11/9/2015,169.149994,169.25,166.800003,167.300003,153.305923,613385
11/10/2015,168.75,168.850006,165.899994,168.399994,154.313873,704277
11/11/2015,169.050003,173.300003,168.75,171.899994,157.521118,654983
11/12/2015,172,172.300003,166.449997,166.949997,152.985168,966262
11/13/2015,166.350006,166.350006,160.899994,162.399994,148.815765,1034096
11/16/2015,157.5,161.649994,156.699997,160.149994,146.753967,1143393
11/17/2015,162,165.949997,161.350006,165.399994,151.564804,876622
11/18/2015,164.25,164.600006,162.75,163.600006,149.915405,561991
11/19/2015,165,165.649994,161.699997,162.399994,148.815765,601636
11/20/2015,163.550003,163.550003,161.300003,162.25,148.678314,791366
11/23/2015,162.5,162.550003,160.199997,161.899994,148.35759,529089
11/24/2015,160.100006,160.550003,152.5,154.949997,141.988937,1818521
11/25/2015,155.350006,159.100006,155.350006,158,144.783813,991402
11/26/2015,158.050003,160.199997,157.949997,159.100006,145.791824,539785
11/27/2015,158.600006,158.75,155.800003,155.949997,142.905289,679415
11/30/2015,156.699997,158.75,155.5,158.75,145.471085,972761
12/1/2015,157.850006,159.399994,156.600006,157.399994,145.471069,691285
12/2/2015,157.899994,159.850006,157.350006,158.449997,146.441513,638809
12/3/2015,158.5,161,151,151.199997,139.740936,1956712
12/4/2015,152,153.300003,150.25,152.25,140.711365,1320690
12/7/2015,153.899994,155.649994,152.850006,154.449997,142.744659,716753
12/8/2015,154.899994,154.899994,149.399994,150.5,139.093994,1011983
12/9/2015,151.100006,151.649994,147.649994,148.850006,137.569061,943129
12/10/2015,147.699997,148.800003,146.100006,148,136.783478,967547
12/11/2015,147.5,147.5,143.699997,144.949997,133.964645,1238760
12/14/2015,145.600006,146.899994,142.100006,142.199997,131.423035,1046798
12/15/2015,143.800003,149.050003,143.399994,147.949997,136.737259,1556323
12/16/2015,148.899994,150.149994,146.899994,148.649994,137.384201,856163
12/17/2015,153.399994,153.5,148.899994,148.899994,137.615265,1205449
12/18/2015,147.649994,147.649994,144.149994,145,134.010834,1925953
12/21/2015,144.149994,146.800003,142.699997,142.699997,131.885147,847538
12/22/2015,143.649994,144.600006,141.800003,143.800003,132.901779,683988
12/23/2015,145,146.75,144.350006,146.449997,135.350937,730802
12/24/2015,145.949997,146.449997,144.649994,146.050003,134.981247,105195
12/28/2015,146.149994,146.649994,144.100006,144.100006,133.179062,285861
12/29/2015,145.800003,147.75,145.449997,147.75,136.552414,517351
12/30/2015,147.699997,148.800003,146.350006,147.149994,135.997894,424524
1/4/2016,142.75,142.850006,137.75,139.199997,128.650391,1505085
1/5/2016,141.550003,141.600006,137.550003,139.449997,128.881454,866709
1/6/2016,138.75,138.75,135.149994,136.699997,126.339867,1246279
1/7/2016,131.550003,137.149994,130.75,136.600006,126.247459,1658654
1/8/2016,137.300003,139.149994,134.850006,135.350006,125.092194,1080132
1/11/2016,135.850006,137.75,135.199997,135.199997,124.95356,937845
1/12/2016,136,141.600006,135.350006,139.449997,128.881454,1027758
1/13/2016,141.149994,141.149994,137.050003,137.75,127.310287,901211
1/14/2016,138.300003,139.550003,135.449997,137,126.617142,1816270
1/15/2016,136.699997,137.399994,134.25,137.399994,126.986847,1781539
1/18/2016,138.399994,140,136.600006,136.75,126.386078,905155
1/19/2016,140,142.050003,139.100006,140,129.389786,1197197
1/20/2016,136.050003,136.399994,132.649994,134.649994,124.445221,1608411
1/21/2016,134.25,139.75,134.050003,139.199997,128.650391,1691618
1/22/2016,142.550003,145.25,141.550003,143.149994,132.301041,1236442
1/25/2016,144.399994,145.399994,142.149994,143.899994,132.994186,846746
1/26/2016,141.449997,145.449997,140.199997,144.899994,133.918411,788706
1/27/2016,144.199997,146.100006,143.199997,146.100006,135.027481,664356
1/28/2016,145.5,147,142.050003,143.699997,132.809357,886220
1/29/2016,146.5,148.199997,143.550003,148.199997,136.968323,1165816
2/1/2016,148.5,148.850006,145.600006,147.75,136.552414,1011265
2/2/2016,148.449997,148.449997,143.399994,145.199997,134.195679,1078891
2/3/2016,154,155.899994,150.100006,151.75,140.249268,2671311
2/4/2016,153.850006,155,151.75,152.800003,141.219711,1695874
2/5/2016,152.300003,154.800003,151.600006,152.699997,141.127274,1323434
2/8/2016,153.25,153.649994,149.699997,151.699997,140.203049,1666050
2/9/2016,150.899994,152.699997,146,147.75,136.552414,1528308
2/10/2016,148,150.800003,145.649994,148.199997,136.968323,1443201
2/11/2016,146.5,146.5,142.399994,142.550003,131.746521,1659602
2/12/2016,143.699997,146.050003,142.449997,146,134.935059,1152364
2/15/2016,151.5,153.149994,150,151.449997,139.972015,1126151
2/16/2016,152.449997,152.699997,148.449997,149.350006,138.031189,992731
2/17/2016,149.449997,155.5,149.449997,155.5,143.715088,1045609
2/18/2016,155.949997,156,152.850006,153.600006,141.959061,782065
2/19/2016,153,155.449997,152.75,154.5,142.790863,907126
2/22/2016,156,157.550003,155.449997,155.649994,143.853683,692821
2/23/2016,154.300003,155.350006,151.699997,152,140.480316,772544
2/24/2016,151.649994,152.050003,146.800003,148.5,137.24559,1127019
2/25/2016,149.899994,151.449997,148.300003,150.350006,138.955399,779169
2/26/2016,152.25,154.75,152,153.199997,141.589355,637930
2/29/2016,151.800003,153.899994,150.050003,153.800003,142.143936,703037
3/1/2016,153.800003,155.149994,152.550003,154.699997,142.975708,636859
3/2/2016,156,156.899994,154.25,155,143.252991,829047
3/3/2016,155.199997,155.449997,152.350006,153.699997,142.051498,561880
3/4/2016,154.199997,154.600006,152.600006,153.350006,141.728027,896869
3/7/2016,153.149994,154.850006,152.600006,154.649994,142.929474,596157
3/8/2016,154.399994,155.25,151.800003,154.800003,143.068146,633261
3/9/2016,155.300003,157.300003,154.449997,155.550003,143.761292,576916
3/10/2016,155.649994,163.449997,154.350006,154.350006,142.652237,1719100
3/11/2016,157.5,158.25,156.199997,157.449997,145.517273,790389
3/14/2016,158.300003,160.850006,157.899994,159.5,147.411911,896496
3/15/2016,158.449997,158.800003,155,155.850006,144.038559,858775
3/16/2016,156.350006,156.899994,154.949997,155.050003,143.299194,612499
3/17/2016,156.449997,156.600006,151.050003,151.649994,140.15686,1060098
3/18/2016,151.899994,153.649994,151.350006,152.350006,140.803818,1694117
3/21/2016,151.350006,153,150.149994,150.550003,139.140228,548018
3/22/2016,149.699997,149.699997,146.199997,148.75,137.476624,1000866
3/23/2016,149.149994,151.800003,149.100006,150.149994,138.770523,849680
3/24/2016,150.699997,151.600006,147.149994,147.199997,136.044098,782330
3/29/2016,147.649994,150.949997,147.649994,150.800003,139.371292,814445
3/30/2016,152.25,155,151.600006,154.5,142.790863,733142
3/31/2016,153.550003,153.550003,150.5,150.5,139.093994,790494
4/1/2016,148.100006,149.25,147.050003,148.800003,137.522858,1130274
4/4/2016,148,151.699997,148,149.199997,137.892532,626703
4/5/2016,147.800003,148,144.899994,145.350006,134.33432,915926
4/6/2016,147,147.399994,144.600006,146.100006,135.027481,859493
4/7/2016,145.949997,147.449997,144.850006,145.149994,134.14946,946549
4/8/2016,146.25,147.649994,145.600006,145.649994,134.611572,885609
4/11/2016,145.25,147.199997,144.199997,146.050003,134.981247,795270
4/12/2016,142.600006,149,140.449997,148.300003,137.060745,2180189
4/13/2016,150.949997,155,150.449997,154.550003,142.837082,1480071
4/14/2016,152.25,154.149994,151.649994,153.5,141.866653,963996
4/15/2016,152.600006,153.449997,151.649994,152.399994,140.849976,773492
4/18/2016,150.399994,152.899994,150.399994,152.25,140.711365,695781
4/19/2016,150.600006,155.199997,150.300003,153.449997,143.89978,795301
4/20/2016,152.649994,154.649994,152.399994,154.5,144.88443,687609
4/21/2016,154.449997,154.449997,151.550003,152.100006,142.633804,959151
4/22/2016,151.550003,152.149994,149.300003,149.75,140.430038,636233
4/25/2016,149.75,150.25,148.100006,148.800003,139.539185,571303
4/26/2016,149.850006,150.699997,146.699997,147.550003,138.366974,688742
4/27/2016,147.300003,148.399994,146,147.199997,138.038742,581166
4/28/2016,146.199997,149.399994,145.100006,149.399994,140.101837,849519
4/29/2016,147.899994,148.300003,145.100006,145.100006,136.069458,925047
5/2/2016,146.300003,148.350006,146.100006,147.25,138.085617,497789
5/3/2016,146.600006,146.699997,143.350006,144.699997,135.694321,802675
5/4/2016,144.300003,146.25,143.600006,143.649994,134.709686,752440
5/5/2016,144.100006,144.5,143,144.399994,135.413025,533502
5/6/2016,143.600006,144.449997,143.050003,143.699997,134.756577,750291
5/9/2016,144.5,146.350006,143.75,145.550003,136.49144,518198
5/10/2016,149.5,150.600006,148.350006,148.850006,139.58606,922135
5/11/2016,148.75,149.25,146.149994,146.449997,137.335419,580035
5/12/2016,145.350006,146.75,144.149994,144.75,135.741211,912825
5/13/2016,143.850006,146.149994,143.25,145.350006,136.303894,667856
5/16/2016,144,145.100006,143.149994,145.050003,136.022568,343181
5/17/2016,146.149994,146.800003,142.75,143.949997,134.991028,763857
5/18/2016,143.199997,145.050003,142.75,144.800003,135.788132,684478
5/19/2016,144.350006,144.399994,142.149994,142.199997,133.34993,654804
5/20/2016,141.75,144.800003,141.25,144.199997,135.225449,1121386
5/23/2016,144.5,144.5,142.199997,142.399994,133.537506,649003
5/24/2016,141.800003,145.649994,141.050003,144.699997,135.694321,791710
5/25/2016,145.899994,145.949997,143.399994,143.5,134.569016,907671
5/26/2016,143.100006,144.300003,142.199997,143.800003,134.850357,640039
5/27/2016,143.850006,145.550003,143.600006,145.050003,136.022568,687797
5/30/2016,145,145.699997,144.350006,145.399994,136.350769,228425
5/31/2016,145.399994,145.850006,143.600006,144.050003,135.084793,634363
6/1/2016,143.850006,144.649994,143.300003,144.399994,135.413025,585047
6/2/2016,143.899994,145.949997,143.899994,145.350006,136.303894,609288
6/3/2016,145.699997,147.300003,144.5,145.25,136.210114,765539
6/6/2016,144.850006,146.449997,144.850006,145.25,136.210114,302435
6/7/2016,145.899994,149.800003,145.600006,149.399994,140.101837,848770
6/8/2016,148.949997,149.050003,147.149994,147.550003,138.366974,550067
6/9/2016,147.25,147.5,145.149994,145.75,136.678986,465588
6/10/2016,145.199997,145.5,142.149994,142.699997,133.818817,824977
6/13/2016,141.100006,141.949997,140.399994,140.5,131.755737,836387
6/14/2016,139.600006,140.050003,137.050003,137.100006,128.567352,1372963
6/15/2016,138.600006,140.449997,138.25,139.199997,130.536636,952716
6/16/2016,137.800003,138.550003,136.75,137.600006,129.036224,896426
6/17/2016,138.75,140.449997,137.100006,137.5,128.942459,1217449
6/20/2016,141.149994,143.899994,140.399994,143.899994,134.944122,1189817
6/21/2016,144.149994,144.25,142.399994,143.199997,134.287704,691386
6/22/2016,144.5,144.5,142.449997,142.75,133.865692,815532
6/23/2016,144.050003,146.949997,143.449997,144.600006,135.600555,853165
6/24/2016,133.350006,139.25,133,135.149994,126.738701,3099188
6/27/2016,133.949997,135.699997,130.550003,131.399994,123.222092,1941258
6/28/2016,134.649994,137.300003,134.149994,134.649994,126.269806,1495369
6/29/2016,135.550003,137.350006,134.949997,135.75,127.301369,1089948
6/30/2016,135.100006,136.949997,133.800003,136,127.535797,1271635
7/1/2016,136.399994,137.300003,134.949997,136.149994,127.676445,1069852
7/4/2016,136.800003,137.649994,135.899994,136.899994,128.379791,550849
7/5/2016,136.199997,136.899994,134.050003,134.550003,126.176048,891376
7/6/2016,133,133.899994,130.699997,132.5,124.253632,1075941
7/7/2016,133.350006,134.600006,132.899994,133.300003,125.003853,880005
7/8/2016,133,135.25,132.350006,134.399994,126.03537,883310
7/11/2016,134.5,137.600006,134.050003,137.5,128.942459,947929
7/12/2016,137.5,140.800003,137,139.699997,131.005524,1072101
7/13/2016,139,140.149994,138.149994,139.25,130.583527,877855
7/14/2016,140.5,141.300003,139.149994,141,132.224625,891574
7/15/2016,138,140,136.550003,140,131.286865,1168114
7/18/2016,139.949997,141.5,139.550003,140.350006,131.615067,592206
7/19/2016,139.550003,140.25,138.5,139.350006,130.677322,705624
7/20/2016,140.300003,142.25,139.899994,142.149994,133.30304,700303
7/21/2016,142.300003,143.300003,141.25,142.5,133.631256,752002
7/22/2016,142.149994,142.449997,140.850006,142.300003,133.443726,462312
7/25/2016,142.800003,144.699997,142.550003,144.449997,135.459915,937689
7/26/2016,143.600006,144.199997,142.199997,143.699997,134.756577,649190
7/27/2016,149.399994,155.449997,149,154.449997,144.83754,2354280
7/28/2016,154,154.649994,153.149994,153.350006,143.806015,912071
7/29/2016,154.100006,154.5,152.899994,153.399994,143.852875,873159
8/1/2016,153.949997,154.899994,152.25,152.899994,143.383987,591608
8/2/2016,152.300003,152.699997,149.449997,149.5,140.195602,815489
8/3/2016,150.199997,150.449997,148.199997,149.850006,140.523834,587159
8/4/2016,150.699997,151,149,149.850006,140.523834,504262
8/5/2016,150.449997,153.600006,150.449997,153.399994,143.852875,768527
8/8/2016,153.899994,154,151.649994,152,142.540009,542661
8/9/2016,151.449997,153.800003,151.199997,153.600006,144.040436,504015
8/10/2016,153.149994,153.699997,152.5,153.050003,143.524673,561780
8/11/2016,153.949997,156.199997,152.649994,156.199997,146.478622,674231
8/12/2016,156.350006,158.699997,155.699997,158.600006,148.729263,770068
8/15/2016,158.199997,159.300003,157.550003,158.699997,148.823029,611417
8/16/2016,158,158.699997,157.149994,157.149994,147.369476,585312
8/17/2016,157.449997,157.949997,155.899994,156.050003,146.337952,454816
8/18/2016,157,157.649994,156.699997,157.399994,147.603928,373456
8/19/2016,157.5,157.5,155.649994,157.050003,147.275726,523188
8/22/2016,156.899994,157.800003,155.75,156.149994,146.431717,393291
8/23/2016,156.600006,157.800003,156.600006,156.899994,147.135056,387232
8/24/2016,156.199997,157.600006,155.399994,157.300003,147.510162,399296
8/25/2016,156.5,156.5,155.300003,155.600006,145.91597,491742
8/26/2016,155.199997,157.100006,154.449997,155.899994,146.197311,460956
8/29/2016,155.600006,156.399994,153.550003,155.5,145.822205,344453
8/30/2016,155.5,156.449997,154.75,154.75,145.118851,511520
8/31/2016,154.300003,155.149994,151.699997,151.699997,142.258667,940894
9/1/2016,151.949997,153.899994,151.649994,152.600006,143.102676,634321
9/2/2016,153.100006,156.449997,152.5,156.199997,146.478622,643309
9/5/2016,157,157,155.199997,155.449997,145.775284,370374
9/6/2016,155.800003,157.199997,155.149994,156.149994,146.431717,565287
9/7/2016,155.949997,156.600006,154.399994,156.449997,146.713058,586356
9/8/2016,156.300003,156.800003,152.699997,154.100006,144.509308,668804
9/9/2016,153.600006,154.699997,151.100006,152.199997,142.727554,659465
9/12/2016,149.899994,152,148.850006,152,142.540009,683344
9/13/2016,152.5,153.300003,150.800003,150.800003,141.414719,564674
9/14/2016,149.600006,149.899994,147.100006,147.399994,138.226318,1175687
9/15/2016,147.149994,148.75,146.399994,147.649994,138.460739,691216
9/16/2016,147.149994,148.449997,145.75,146.649994,137.522995,1556396
9/19/2016,147.899994,149.75,147.600006,149.050003,139.773621,649834
9/20/2016,148.699997,151,148.300003,150.050003,140.711411,491431
9/21/2016,151.350006,151.899994,149.800003,150.199997,140.852036,369258
9/22/2016,151.5,155.449997,151.199997,154.199997,144.603104,845731
9/23/2016,153.550003,153.949997,152.600006,153.75,144.181107,534423
9/26/2016,153.100006,153.149994,151.050003,151.75,142.305573,524416
9/27/2016,153,153.199997,150.5,151.850006,142.399368,577866
9/28/2016,152.800003,154,152,152.399994,142.915085,435720
9/29/2016,153.649994,154.199997,150.600006,150.699997,141.320892,479949
9/30/2016,149.149994,152.300003,147.949997,151.800003,142.352478,743922
10/3/2016,151.449997,152,151,152,142.540009,324385
10/4/2016,151.800003,156.899994,151.649994,156.600006,146.853729,1109267
10/5/2016,154.850006,156.800003,153.949997,156.25,146.525497,614540
10/6/2016,156.600006,156.850006,154.649994,155,145.353333,509292
10/7/2016,155.350006,156.199997,154.100006,155.399994,145.728409,634662
10/10/2016,155.899994,157.199997,154.75,157.050003,147.275726,551815
10/11/2016,162.800003,166.149994,162.600006,164.100006,153.886963,1824154
10/12/2016,164.75,165.5,163.600006,164.350006,154.121414,818483
10/13/2016,163.199997,163.550003,161.699997,163,152.855423,692089
10/14/2016,164.100006,167.699997,163.899994,166.800003,156.418915,1069083
10/17/2016,166.25,167.199997,165.199997,165.399994,155.106049,920002
10/18/2016,166.699997,167,165.399994,166.300003,155.950058,630221
10/19/2016,166.300003,168.25,166,167.350006,156.934692,678436
10/20/2016,167.100006,168.75,166.25,168.100006,157.638,554423
10/21/2016,168.350006,168.949997,166.800003,167.149994,156.747131,568575
10/24/2016,167.5,169.100006,167.5,168,157.54422,618951
10/25/2016,167.899994,169.350006,166.449997,166.899994,156.51268,515975
10/26/2016,167.350006,168.949997,167.199997,168.050003,157.591125,638553
10/27/2016,167.550003,168.600006,166.600006,168,157.54422,530285
10/28/2016,166.75,168.399994,165.050003,167.949997,157.497345,520893
10/31/2016,167.399994,168.449997,165.050003,165.550003,155.246704,699157
11/1/2016,166.649994,167.399994,164.949997,165.149994,154.871597,477226
11/2/2016,164.350006,164.449997,162.75,162.75,152.620972,563259
11/3/2016,162.699997,164.050003,161.850006,162.899994,152.761658,561215
11/4/2016,163.449997,163.449997,160.699997,161.699997,151.636307,694323
11/7/2016,163.5,164.5,162.75,164.25,154.027603,497585
11/8/2016,164.149994,166.149994,164.149994,166.149994,155.809357,506889
11/9/2016,160.899994,165.75,159.899994,165.600006,155.29361,1190745
11/10/2016,166.350006,166.949997,161.600006,162.550003,152.433411,987859
11/11/2016,162.899994,163.649994,160.949997,162,151.917664,637922
11/14/2016,163.399994,165,161.5,162.699997,152.574081,718497
11/15/2016,163.550003,166.149994,163.550003,165.800003,155.481171,670386
11/16/2016,166.100006,166.100006,162.050003,162.5,152.386536,644088
11/17/2016,162.600006,165.649994,162.449997,165.550003,155.246704,737636
11/18/2016,166.149994,166.600006,164.600006,165.25,154.965378,557973
11/21/2016,166.149994,168.800003,164.399994,168.300003,157.825562,786490
11/22/2016,169,169.199997,167.25,168.100006,157.638,667921
11/23/2016,168.350006,169.149994,165.949997,167.25,156.840912,615457
11/24/2016,167.850006,169.050003,167.149994,168.25,157.778656,469227
11/25/2016,168.5,169.100006,167.550003,169,158.481995,391084
11/28/2016,168.300003,168.899994,167.050003,167.5,157.075348,801603
11/29/2016,166.300003,170.800003,165.949997,170.75,161.472702,984817
11/30/2016,170.850006,172.5,170.649994,171.699997,162.371063,883196
12/1/2016,170.949997,172.300003,169.550003,170.550003,161.283585,893748
12/2/2016,169.350006,170.100006,168,169.149994,159.95961,697129
12/5/2016,169.949997,174.399994,169.5,171.100006,161.80368,977559
12/6/2016,171.5,173.75,170.600006,173.100006,163.695023,826509
12/7/2016,174.649994,175.699997,173.5,175.699997,166.153763,755390
12/8/2016,176.350006,177.699997,175.199997,176.550003,166.957565,969682
12/9/2016,176.350006,177.199997,176,176.100006,166.532013,642022
12/12/2016,176.100006,176.5,174.399994,176.149994,166.579285,601333
12/13/2016,178,179,177.449997,177.899994,168.234207,756504
12/14/2016,177.050003,178.350006,176.25,176.5,166.910278,605746
12/15/2016,176.600006,178.699997,175.75,177.75,168.092361,790036
12/16/2016,177.5,180.199997,176.649994,179.199997,169.463593,1825151
12/19/2016,179.149994,179.550003,177.699997,179.199997,169.463593,634867
12/20/2016,179.199997,180.199997,178.199997,179,169.27446,554463
12/21/2016,178.800003,180.300003,178.100006,179.600006,169.841858,579884
12/22/2016,179.100006,180.199997,178.800003,179.75,169.983704,459839
12/23/2016,179.699997,180,178.800003,179.300003,169.558167,310079
12/27/2016,179.699997,180.149994,178.899994,179.949997,170.172836,241936
12/28/2016,180,180.949997,179.25,180.850006,171.023941,318186
12/29/2016,180,180.850006,179.050003,179.399994,169.65271,396818
12/30/2016,179.5,181.399994,178.75,181.399994,171.544067,529540
1/2/2017,181.350006,182,180.649994,181.800003,171.922333,287802
1/3/2017,182.100006,182.699997,179.449997,179.699997,169.936417,599351
1/4/2017,180.449997,180.5,177.199997,178.100006,168.423355,635790
1/5/2017,177.350006,177.350006,175.800003,176.949997,167.335831,768148
1/6/2017,177.100006,179.550003,176.5,179.25,169.51088,551130
1/9/2017,180,181.199997,178.800003,180.949997,171.118484,488220
1/10/2017,181.399994,182.199997,179.550003,181.100006,171.260361,608715
1/11/2017,180.699997,183.649994,180.199997,183.25,173.293549,675381
1/12/2017,184,187.25,184,186.550003,176.414246,875845
1/13/2017,188,188.949997,186.850006,188.949997,178.683838,671907
1/16/2017,187.100006,188.550003,187.100006,187.550003,177.359909,391099
1/17/2017,187.5,187.5,185.949997,186.850006,176.697937,530172
1/18/2017,186.800003,188.399994,186.5,188.100006,177.880035,519075
1/19/2017,189.050003,191,188.350006,190,179.676819,688581
1/20/2017,189.600006,191.350006,188.699997,190.949997,180.57518,1040752
1/23/2017,190.100006,191.649994,189.100006,190.350006,180.007782,631368
1/24/2017,190.449997,190.699997,187.949997,189.050003,178.778427,855529
1/25/2017,190,192.199997,190,191.399994,181.000717,781529
1/26/2017,193.300003,193.350006,189,190.449997,180.102325,716930
1/27/2017,193,193,185.550003,186.850006,176.697937,1446775
1/30/2017,186,187.5,184,184.350006,174.333771,971553
1/31/2017,185,188.699997,183.600006,186.600006,176.461517,1093240
2/1/2017,188.800003,189.949997,187.399994,188,177.785461,686228
2/2/2017,187.5,188.399994,186.649994,187.5,177.312637,647543
2/3/2017,188.050003,189.5,187.649994,188.949997,178.683838,515680
2/6/2017,188.449997,188.550003,185.100006,185.149994,175.090286,575473
2/7/2017,185.300003,187.100006,184.100006,184.449997,174.428329,450870
2/8/2017,184.75,185,181.949997,182.350006,172.442444,693463
2/9/2017,183.350006,185.600006,182.5,185.5,175.42128,572748
2/10/2017,186,186.5,184.199997,185.100006,175.04303,519881
2/13/2017,185.449997,190.5,185.449997,189.800003,179.487656,667560
2/14/2017,189.800003,190.399994,188.75,190.149994,179.818619,496114
2/15/2017,190.550003,190.550003,188.300003,188.699997,178.447418,485787
2/16/2017,189.850006,190.800003,188.449997,189.699997,179.393097,432702
2/17/2017,188.899994,189.800003,186.5,186.850006,176.697937,723993
2/20/2017,188.149994,188.550003,187.050003,188.100006,177.880035,372236
2/21/2017,187.649994,190.850006,187.649994,190,179.676819,554179
2/22/2017,190.850006,193.699997,190.5,192.5,182.04097,664657
2/23/2017,191.949997,193.100006,191.649994,192.199997,181.757248,378595
2/24/2017,191.550003,192.399994,188.550003,190.699997,180.338776,512276
2/27/2017,191.949997,192.350006,189.199997,189.850006,179.534958,347830
2/28/2017,190.5,190.899994,188.350006,189.449997,179.156662,538523
3/1/2017,191.350006,195.949997,191.350006,195.300003,184.688843,715213
3/2/2017,194.800003,194.850006,193,194.100006,183.554047,443630
3/3/2017,193.699997,194.649994,192.949997,194.350006,183.790451,396855
3/6/2017,194.75,194.949997,193.25,193.75,183.223022,448186
3/7/2017,194.25,194.350006,193.100006,193.75,183.223022,361154
3/8/2017,193.25,195.600006,192.949997,194.800003,184.215988,427709
3/9/2017,194.050003,196.100006,193.300003,195.649994,185.019821,539640
3/10/2017,196.300003,197.25,195.699997,196.399994,185.729065,469193
3/13/2017,197.149994,198.449997,195.949997,198.25,187.478531,477391
3/14/2017,198.449997,198.449997,196.75,198.350006,187.57312,438132
3/15/2017,198.399994,198.399994,197.350006,197.800003,187.053009,402554
3/16/2017,198.5,201.149994,198.5,198.75,187.95137,710534
3/17/2017,198.850006,201.5,198.199997,201.5,190.551956,1377018
3/20/2017,201.800003,201.800003,200,200,189.133469,377839
3/21/2017,200.899994,200.899994,198.050003,198.699997,187.904083,628230
3/22/2017,197.5,199.800003,195.449997,199.600006,188.755219,788325
3/23/2017,200.100006,201.949997,199.149994,201.949997,190.977524,557488
3/24/2017,202.300003,203.100006,200.350006,201.100006,190.173721,569897
3/27/2017,200.050003,202.399994,199.350006,201.550003,190.599243,457095
3/28/2017,202.649994,202.649994,200.199997,201.449997,190.504684,467102
3/29/2017,202.649994,202.699997,201,202.600006,191.592209,396037
3/30/2017,203.25,203.300003,202,202.899994,191.875885,313050
3/31/2017,202.449997,205.850006,201.899994,205.850006,194.665604,791085
4/3/2017,205.949997,207.300003,204.050003,204.050003,192.963425,634209
4/4/2017,204.699997,207,204.350006,206.199997,194.996597,495445
4/5/2017,206.5,206.699997,204.399994,204.75,193.625397,599855
4/6/2017,204.100006,207.75,202.850006,207.25,195.989548,590482
4/7/2017,207.649994,209.25,205.949997,209.25,197.88089,583511
4/10/2017,209,209.300003,206.699997,207.449997,196.17868,478866
4/11/2017,212.600006,213.5,206.949997,208.600006,197.266205,1009031
4/12/2017,210.75,211.149994,208.449997,208.850006,197.50264,533672
4/13/2017,209.300003,210.100006,207.899994,208.600006,197.266205,612536
4/18/2017,210.75,211,206.300003,206.600006,195.374878,656074
4/19/2017,204.850006,206.100006,203.25,204.800003,196.141052,573350
4/20/2017,204.5,208.100006,204,207.399994,198.631104,761787
4/21/2017,205.949997,208.149994,204.800003,206.899994,198.152252,1064956
4/24/2017,215.25,216.449997,213.5,214.699997,205.622467,1455423
4/25/2017,220,225.199997,218.949997,223.149994,213.71521,1544019
4/26/2017,225,227.350006,223.949997,224.850006,215.343338,1108978
4/27/2017,225.25,226.449997,223.5,225.899994,216.348938,624392
4/28/2017,226.050003,227.649994,224.899994,226.5,216.923553,731078
5/2/2017,227,228.050003,225.949997,228.050003,218.408035,591332
5/3/2017,228.5,230.850006,228.100006,230.850006,221.089661,593263
5/4/2017,232.5,234.399994,231.75,234.399994,224.489548,678632
5/5/2017,234.5,239.649994,234.100006,238.100006,228.033112,897901
5/8/2017,238.100006,238.449997,233.649994,233.649994,223.77124,1111615
5/9/2017,233.649994,235,232.649994,233.649994,223.77124,572841
5/10/2017,233.600006,233.75,230.350006,232.350006,222.526245,769235
5/11/2017,233,233.75,231.399994,233.300003,223.436081,579335
5/12/2017,232.5,232.600006,230.399994,231.5,221.712173,627039
5/15/2017,231.300003,232.149994,230.100006,231.199997,221.42485,481472
5/16/2017,231.899994,233.350006,229.850006,232.100006,222.286804,566862
5/17/2017,230.5,231.399994,227.350006,228,218.360123,703746
5/18/2017,227.600006,229.600006,226.699997,229,219.317871,664756
5/19/2017,229.649994,230.850006,228.800003,229.100006,219.413635,618348
5/22/2017,229.5,229.649994,227.699997,228.25,218.599579,397922
5/23/2017,228.899994,229.350006,226.649994,227.300003,217.689743,591070
5/24/2017,226.800003,227.75,226.300003,227.100006,217.498199,605031
5/25/2017,227.75,230.300003,226.5,229.199997,219.509415,481242
5/26/2017,228.649994,229.199997,224.850006,227.399994,217.785522,574335
5/29/2017,227.25,227.550003,226.300003,227,217.402405,277691
5/30/2017,225.800003,227.699997,225.199997,226.699997,217.115112,465172
5/31/2017,227.050003,229.350006,226.699997,227.149994,217.546066,790002
6/1/2017,227.5,229.800003,227.399994,229,219.317871,472365
6/2/2017,231.300003,232.850006,230.5,231.449997,221.664276,470563
6/5/2017,231.800003,231.899994,230,230.25,220.515015,231064
6/6/2017,229.350006,230.5,226.25,226.25,216.684128,624276
6/7/2017,226.699997,231.149994,225.899994,228.050003,218.408035,626273
6/8/2017,228.25,228.850006,226.300003,227,217.402405,491434
6/9/2017,227.850006,229.949997,226.5,227.899994,218.264359,521440
6/12/2017,227.300003,227.449997,224.100006,224.100006,214.625046,534167
6/13/2017,224.899994,228.300003,224.399994,227.649994,218.024948,572286
6/14/2017,228.449997,230.949997,227.449997,227.899994,218.264359,578469
6/15/2017,228.300003,228.600006,224.850006,226.399994,216.827789,769548
6/16/2017,228,230.699997,227.300003,230.699997,220.945984,1050333
6/19/2017,232.75,233.649994,231.449997,232.800003,222.957199,557652
6/20/2017,234.449997,235.100006,232.300003,232.399994,222.574127,547293
6/21/2017,230.300003,231.899994,228.25,231.899994,222.095261,807593
6/22/2017,231.5,232.199997,230.5,231.850006,222.047394,539043
6/23/2017,231.649994,232.649994,230.300003,231.649994,221.85582,474916
6/26/2017,232.850006,234.399994,230.850006,230.850006,221.089661,574082
6/27/2017,231.199997,231.649994,228.199997,229.800003,220.084045,697189
6/28/2017,228.300003,229.399994,226.300003,226.649994,217.067215,727781
6/29/2017,226.649994,226.649994,217.899994,218.25,209.022385,1195245
6/30/2017,219.100006,223.149994,218.25,218.300003,209.070267,897273
7/3/2017,219.5,221.149994,219.050003,220.949997,211.608215,599421
7/4/2017,220,221.399994,219.5,220.050003,210.746262,377646
7/5/2017,221.050003,223.800003,220.149994,221.800003,212.422302,616626
7/6/2017,222.850006,222.850006,217.050003,219.199997,209.932205,920426
7/7/2017,218.300003,218.850006,216.25,216.399994,207.25058,948434
7/10/2017,216.850006,217.800003,215.399994,216.800003,207.633682,586793
7/11/2017,217.199997,217.949997,213.949997,214.5,205.430923,596346
7/12/2017,216,217.050003,214.800003,216.350006,207.202713,859978
7/13/2017,217.300003,218.550003,216.149994,216.399994,207.25058,844591
7/14/2017,217.050003,219.899994,216.550003,219.75,210.458969,766188
7/17/2017,220,223.100006,219.550003,222.350006,212.949036,707999
7/18/2017,222.100006,223.149994,218.75,219,209.740662,702904
7/19/2017,221,222.399994,220.449997,222.25,212.853256,593539
7/20/2017,223.800003,224.850006,220.350006,222.300003,212.901154,638848
7/21/2017,221.75,223.949997,218.800003,219.25,209.980087,1017035
7/24/2017,220.550003,221.350006,217.050003,219.149994,209.884308,756515
7/25/2017,220.100006,221.699997,218.850006,218.850006,209.597015,786258
7/26/2017,221,221,217.300003,218,208.782944,753050
7/27/2017,218,218.649994,212.5,216.050003,206.91539,1451503
7/28/2017,215.449997,215.449997,212.25,213.149994,204.138,969176
7/31/2017,212.449997,214.600006,211.899994,212.699997,203.707031,776783
8/1/2017,214.5,216.550003,212.949997,215.899994,206.771729,638255
8/2/2017,216.449997,217.25,215.050003,215.050003,205.957657,554576
8/3/2017,215.399994,220.75,214.350006,219,209.740662,895053
8/4/2017,218.5,222.949997,217.550003,221.899994,212.518036,592840
8/7/2017,222.399994,223.75,221.649994,222.5,213.092697,609217
8/8/2017,221.949997,223.399994,220.949997,222.75,213.332108,492246
8/9/2017,221.149994,221.149994,216.550003,217.149994,207.968872,677644
8/10/2017,217.100006,217.300003,214.949997,215.149994,206.053436,499455
8/11/2017,213.800003,215.25,212.899994,214.449997,205.383041,673124
8/14/2017,216.199997,217.300003,214.949997,216.600006,207.442139,346891
8/15/2017,217.5,217.899994,216.199997,217.050003,207.873123,291127
8/16/2017,217.649994,220.300003,217.600006,219.100006,209.836456,447867
8/17/2017,218.75,221.5,218.649994,219.600006,210.315308,611467
8/18/2017,218.100006,218.199997,216.199997,217.699997,208.495636,566435
8/21/2017,216.850006,218.5,216.399994,217,207.825241,469755
8/22/2017,217.699997,219.5,217.050003,218.949997,209.69278,419912
8/23/2017,218.399994,220.25,216.699997,216.949997,207.777328,382558
8/24/2017,217.75,218.699997,217,218,208.782944,396708
8/25/2017,218.550003,219.300003,217,217,207.825241,341036
8/28/2017,216.25,217.899994,215.699997,215.850006,206.723862,296863
8/29/2017,214.5,217,213.149994,216.199997,207.059052,761051
8/30/2017,217.25,219.300003,217,218.850006,209.597015,579523
8/31/2017,219.050003,222.199997,219.050003,220.25,210.93782,729152
9/1/2017,221.949997,223.399994,221.25,221.75,212.37439,468524
9/4/2017,220.100006,221.449997,219.600006,220.949997,211.608215,272294
9/5/2017,220.050003,220.050003,217.550003,217.800003,208.591385,598323
9/6/2017,216.25,219.199997,215.800003,217.899994,208.687164,426458
9/7/2017,218.850006,221.149994,218.600006,220,210.69838,472802
9/8/2017,218.75,220.199997,218.100006,219.949997,210.650497,437789
9/11/2017,221.25,225.649994,221.25,225.300003,215.774292,627495
9/12/2017,225.899994,228.350006,225.350006,228.149994,218.503815,580236
9/13/2017,227.949997,231.25,227.5,230.25,220.515015,962814
9/14/2017,229,230.25,228.199997,229.550003,219.844604,640494
9/15/2017,229.199997,230.75,228.75,230,220.275589,1417386
9/18/2017,230.550003,230.800003,228.550003,229.25,219.557281,551414
9/19/2017,229.100006,229.600006,228.300003,229.300003,219.605179,430840
9/20/2017,229.649994,231,228.850006,230,220.275589,452459
9/21/2017,230.649994,231,229.100006,229.850006,220.131927,388474
9/22/2017,229.5,231.699997,228.550003,230.399994,220.658676,418774
9/25/2017,229.899994,231.800003,229.600006,230.75,220.993866,335029
9/26/2017,231,231.649994,230.149994,231.350006,221.568512,380659
9/27/2017,231.550003,231.75,230.449997,230.850006,221.089661,405915
9/28/2017,230.550003,231.850006,229.75,230.800003,221.041763,350927
9/29/2017,231.550003,233.449997,231.149994,233.449997,223.579712,583769
10/2/2017,233.550003,234.25,232.75,233.25,223.388184,405419
10/3/2017,233.800003,235.149994,233.25,234.899994,224.968399,337913
10/4/2017,234.25,235.149994,233.649994,234.850006,224.920532,361937
10/5/2017,235.149994,235.949997,233.75,234.199997,224.297989,408079
10/6/2017,234,234.100006,229.850006,230.399994,220.658676,587536
10/9/2017,231.350006,232.899994,229.699997,232.199997,222.382553,461703
10/10/2017,237.899994,238.850006,236.25,237.399994,227.362717,980207
10/11/2017,239.25,239.399994,236.550003,239.399994,229.278152,595625
10/12/2017,239.600006,241.199997,238.449997,241,230.810516,548653
10/13/2017,241.199997,242.5,239.949997,241.800003,231.576691,413797
10/16/2017,242.350006,242.600006,239.800003,240.449997,230.283752,515297
10/17/2017,240.5,240.899994,239.100006,239.300003,229.182388,377221
10/18/2017,239.449997,241.100006,238.899994,240.899994,230.714737,355639
10/19/2017,241.149994,241.300003,237.550003,239.949997,229.804901,471541
10/20/2017,241.300003,241.649994,237.100006,237.649994,227.602142,614398
10/23/2017,238,241.899994,238,241.050003,230.858383,461226
10/24/2017,241.050003,242.550003,240.199997,240.800003,230.618958,497495
10/25/2017,242.199997,245.300003,241.75,243.949997,233.635773,629378
10/26/2017,244.75,248.949997,242.050003,248.949997,238.424377,688786
10/27/2017,250,254.699997,249.449997,253.949997,243.212967,1078297
10/30/2017,253.449997,254.949997,252.199997,254.949997,244.170685,454319
10/31/2017,254.949997,256.950012,254.149994,256.100006,245.272079,529434
11/1/2017,256.649994,258.100006,255.25,255.25,244.458038,541936
11/2/2017,255.5,257.149994,253.649994,254.949997,244.170685,483554
11/3/2017,255.149994,258.950012,254,258.149994,247.235397,662944
11/6/2017,257.950012,259.549988,256.850006,259.549988,248.576187,535171
11/7/2017,259.950012,260.549988,255.399994,256.600006,245.750946,628950
11/8/2017,257,258.200012,254.149994,254.649994,243.883377,649053
11/9/2017,254,254,249.449997,249.899994,239.334198,1077930
11/10/2017,249.949997,250.899994,247.899994,248.5,237.993408,731687
11/13/2017,248.600006,249.25,244.350006,245.949997,235.551224,670446
11/14/2017,245.25,248.050003,245,245.949997,235.551224,508017
11/15/2017,245.050003,246.300003,243.399994,244.800003,234.449829,580250
11/16/2017,246.800003,247.399994,244.949997,246.949997,236.508926,505935
11/17/2017,246.5,248.050003,245.399994,246.600006,236.173737,772082
11/20/2017,246.449997,249.800003,246.149994,249.25,238.711685,440475
11/21/2017,249.350006,252,247.550003,251.699997,241.058105,490474
11/22/2017,252.100006,252.100006,246.899994,247.050003,236.604721,461193
11/23/2017,246.550003,249.300003,245.399994,248.800003,238.280731,388335
11/24/2017,248.800003,250.75,248.199997,249.600006,239.046921,321913
11/27/2017,249.100006,250.699997,247.5,247.5,237.035675,498356
11/28/2017,248.199997,248.800003,246.449997,246.949997,236.508926,653228
11/29/2017,249,249.550003,245,245.100006,234.737167,625551
11/30/2017,246,247.850006,244.449997,244.5,234.162521,1020339
12/1/2017,245,246.300003,242.100006,243.300003,233.01326,856069
12/4/2017,245.050003,247.5,243.850006,246.949997,236.508926,608269
12/5/2017,242.050003,247.050003,242.050003,245.899994,237.039108,692870
12/6/2017,243.550003,249.399994,243,248.699997,239.738205,616784
12/7/2017,249.600006,249.649994,244.800003,246.899994,238.003067,505635
12/8/2017,248.449997,249.149994,246.5,247.399994,238.485062,532973
12/11/2017,248.850006,248.850006,245.899994,246.199997,237.328308,488396
12/12/2017,247.199997,247.25,244.550003,246.449997,237.569305,428141
12/13/2017,246.75,247.550003,244.800003,247,238.099472,704908
12/14/2017,247.100006,247.350006,244.350006,244.350006,235.544983,513649
12/15/2017,244.25,245.949997,243.050003,245.149994,236.316116,1146191
12/18/2017,247.449997,254.149994,247.050003,254.050003,244.895447,958751
12/19/2017,253.649994,254.699997,252.399994,252.600006,243.497681,458437
12/20/2017,252.649994,253.850006,250.199997,250.449997,241.425156,425812
12/21/2017,250,253.199997,248.550003,252.449997,243.353088,525947
12/22/2017,252.899994,253.100006,249.5,249.5,240.509384,345394
12/27/2017,250.199997,252.149994,249.449997,251.350006,242.29274,335350
12/28/2017,251.5,252.149994,247.649994,247.800003,238.870651,325877
12/29/2017,248,248.300003,245.399994,245.399994,236.557129,445320
1/2/2018,245.649994,246,240.800003,241.300003,232.604889,631294
1/3/2018,241.350006,243.100006,241.350006,242.75,234.002625,521585
1/4/2018,244.75,247,243.600006,245.600006,236.749939,611052
1/5/2018,245.949997,249.600006,245.949997,249.5,240.509384,454725
1/8/2018,246.75,248,244.350006,245.5,236.653534,536733
1/9/2018,247,248.050003,245.25,246.100006,237.231918,460138
1/10/2018,246.100006,246.25,242,242,233.279663,730551
1/11/2018,242.25,242.5,239,239,230.387741,805722
1/12/2018,239,242.649994,238.699997,242.149994,233.42424,529948
1/15/2018,242.699997,243.699997,241.850006,242.75,234.002625,431555
1/16/2018,243.25,244.399994,242.300003,243,234.243622,494729
1/17/2018,241.5,244.449997,241.5,242.350006,233.61705,506385
1/18/2018,243.050003,243.699997,238,238.75,230.146744,638297
1/19/2018,238.550003,241.800003,238.350006,240.949997,232.267487,739547
1/22/2018,241.800003,243.350006,240.5,243,234.243622,520512
1/23/2018,245.25,245.699997,242.899994,244.600006,235.785965,582000
1/24/2018,244.199997,245.149994,241.199997,241.199997,232.508469,631576
1/25/2018,242.5,244.050003,239.300003,240.149994,231.496307,777172
1/26/2018,246.800003,253.149994,245.600006,251.899994,242.822891,1256209
1/29/2018,251.949997,254.399994,250,252.600006,243.497681,629991
1/30/2018,251.149994,253.699997,250.75,251.449997,242.389114,612934
1/31/2018,252.75,254.600006,251.449997,252.600006,243.497681,577551
2/1/2018,253.800003,253.949997,250.899994,252.149994,243.063889,661915
2/2/2018,251.350006,251.5,247.899994,247.899994,238.967041,719341
2/5/2018,246,247,242.199997,242.449997,233.71344,720137
2/6/2018,236.199997,239.850006,233.25,236.149994,227.640457,1428201
2/7/2018,238.949997,245.949997,236.5,245,236.171555,1286023
2/8/2018,241.899994,243.699997,236.149994,237.449997,228.8936,1063332
2/9/2018,236.850006,239.300003,232.5,234.899994,226.435486,1224665
2/12/2018,238.5,242.649994,238.449997,241.850006,233.135056,973509
2/13/2018,241.699997,241.75,236.399994,237.350006,228.797226,756046
2/14/2018,239.399994,242.399994,234.75,240.899994,232.219284,819734
2/15/2018,242.399994,244.300003,241.399994,244.300003,235.496765,710450
2/16/2018,244.800003,248.649994,244.149994,248.5,239.545425,835818
2/19/2018,249,249,245.149994,245.199997,236.364334,396907
2/20/2018,245,246.050003,242.899994,245.100006,236.267944,551368
2/21/2018,244.449997,246.699997,244.100006,246.699997,237.810287,427299
2/22/2018,245.5,245.550003,241.149994,245.050003,236.219742,575633
2/23/2018,247.050003,247.050003,244.649994,246.75,237.85849,414841
2/26/2018,248.649994,251.550003,248.050003,249.300003,240.316605,609192
2/27/2018,251,251.600006,246.050003,246.949997,238.05127,559129
2/28/2018,245.649994,248.399994,245.649994,246.5,237.617477,527029
3/1/2018,246,246.449997,241.649994,244.100006,235.30397,649330
3/2/2018,241.75,242.399994,238,238.75,230.146744,807006
3/5/2018,238.449997,241.75,237.550003,240.75,232.074692,519966
3/6/2018,242.449997,244.25,241.350006,241.350006,232.653076,475938
3/7/2018,240.75,242.399994,238.600006,241.199997,232.508469,438734
3/8/2018,241.199997,245.800003,241.100006,245.600006,236.749939,474057
3/9/2018,245.550003,247.399994,243.949997,245.949997,237.087311,521810
3/12/2018,248,248,245.5,246.800003,237.906677,307919
3/13/2018,247.699997,248.449997,242.649994,243.5,234.725601,605443
3/14/2018,243.399994,245.800003,242.550003,242.899994,234.147217,435075
3/15/2018,244.899994,248.199997,243.899994,247.350006,238.436844,637640
3/16/2018,247,249.100006,246.649994,247.5,238.581451,1236732
3/19/2018,248.399994,248.449997,244.949997,246,237.135513,470398
3/20/2018,247.050003,251.550003,246.199997,251.550003,242.485519,608141
3/21/2018,251.949997,253.649994,251.399994,252.649994,243.545853,538101
3/22/2018,250.399994,252.5,246.5,249.300003,240.316605,721130
3/23/2018,247.199997,247.199997,242.600006,242.899994,234.147217,773835
3/26/2018,244.350006,246.399994,242.25,243.800003,235.014801,678816
3/27/2018,248.699997,249.050003,244.449997,245.199997,236.364334,547051
3/28/2018,243.050003,244.050003,239.949997,243.899994,235.111176,606379
3/29/2018,246.149994,252.350006,245.199997,250.199997,241.184158,707714
4/3/2018,249.050003,256.299988,248.699997,256,246.775162,909220
4/4/2018,256.600006,257.5,251.600006,255.850006,246.630585,1030027
4/5/2018,258,264.5,257.200012,264.5,254.968842,875568
4/6/2018,263.149994,264.549988,262.100006,262.600006,253.137344,665237
4/9/2018,264,264.600006,261.100006,262.25,252.799957,647580
4/10/2018,274.049988,277.25,271.350006,275.149994,265.235107,1569222
4/11/2018,275.100006,278.25,273.350006,278.25,268.223389,690737
4/12/2018,278.25,281,276.049988,281,270.874329,682592
4/13/2018,280.799988,282.899994,279.850006,281.850006,271.693695,563645
4/16/2018,281.450012,282.950012,280.75,282.700012,272.513092,436141
4/17/2018,280.5,281.799988,279.25,279.25,272.464264,664682
4/18/2018,280.549988,282.799988,279.450012,282.799988,275.928009,513555
4/19/2018,282.899994,282.950012,276.100006,277.200012,270.464111,610663
4/20/2018,278.5,280.799988,276.850006,279.25,272.464264,764368
4/23/2018,279.850006,281.049988,278,281.049988,274.22052,381280
4/24/2018,279.299988,281.950012,279.100006,281.75,274.903503,601849
4/25/2018,281.149994,285.850006,278.649994,280.649994,273.830231,749480
4/26/2018,280.799988,281.899994,278.649994,281.100006,274.269318,603601
4/27/2018,281.399994,284.850006,281.299988,284.399994,277.489136,456201
4/30/2018,285,289.299988,284,289.299988,282.27005,581543
5/2/2018,290.149994,292.850006,289.100006,292.75,285.63623,601909
5/3/2018,292.700012,293.149994,290.649994,291.25,284.172668,413134
5/4/2018,291.450012,294.049988,290.799988,291.799988,284.709259,484129
5/7/2018,291.5,292.299988,289.450012,290.950012,283.879974,308211
5/8/2018,291.950012,291.950012,289.350006,291.649994,284.562927,424932
5/9/2018,292.200012,292.200012,289.350006,292.049988,284.953217,352557
5/10/2018,293,293.700012,291.299988,292.350006,285.245941,350991
5/11/2018,292.950012,293.700012,290.350006,293.600006,286.465576,387858
5/14/2018,293.549988,295.399994,293.100006,294.75,287.587616,334427
5/15/2018,293.5,298.450012,293.149994,298.450012,291.197723,537540
5/16/2018,297.950012,307,297.950012,307,299.539948,753405
5/17/2018,307,308.600006,303.450012,308.600006,301.101074,590990
5/18/2018,306.549988,309.450012,304.950012,309,301.491333,1054175
5/21/2018,309.149994,313.700012,309.149994,311.700012,304.125763,343524
5/22/2018,312.299988,312.5,308.75,309,301.491333,520706
5/23/2018,307.5,308,301.850006,303.899994,296.515259,875494
5/24/2018,304.700012,308.799988,303.549988,305.049988,297.637329,724119
5/25/2018,307,308.600006,304.149994,305.850006,298.417877,662411
5/28/2018,307.950012,308.299988,302.899994,303.5,296.125031,426428
5/29/2018,301.299988,304.25,297.700012,297.799988,290.563507,987439
5/30/2018,299.049988,300.75,297.299988,299.549988,292.270996,727537
5/31/2018,299.799988,301.549988,296.100006,297.049988,289.831696,850019
6/1/2018,300.549988,302.75,298.899994,301.899994,294.563873,708657
6/4/2018,303,304.899994,301.350006,304.5,297.100677,455585
6/5/2018,305,311.5,304.450012,309.600006,302.076752,645090
6/6/2018,309.149994,309.850006,304.5,306.25,298.808167,616979
6/7/2018,307.899994,307.899994,295.149994,296.149994,288.953613,735266
6/8/2018,293.649994,301.25,292,300.350006,293.051544,683194
6/11/2018,300.700012,302.450012,298.600006,301.149994,293.832092,525955
6/12/2018,302.5,302.899994,295,295.299988,288.124237,546087
6/13/2018,296.75,298.799988,295.350006,295.5,288.319366,670776
6/14/2018,291,303.200012,290.649994,302.549988,295.198059,908418
6/15/2018,304.149994,306.100006,300.850006,301.450012,294.124817,1338808
6/18/2018,300.600006,301,294.799988,296.700012,289.490265,564146
6/19/2018,290,292.799988,288.25,289.549988,282.513977,793500
6/20/2018,290.950012,291.649994,285.399994,286.549988,279.586823,831880
6/21/2018,288.649994,291.5,283.850006,285.200012,278.269684,603851
6/22/2018,286.850006,288.100006,285.299988,287.399994,280.416199,552712
6/25/2018,285,288.600006,278.899994,278.899994,272.122772,545784
6/26/2018,280.5,283.850006,280.200012,281.100006,274.269318,500976
6/27/2018,281,286.299988,278.850006,283.450012,276.562195,794060
6/28/2018,281.5,284.850006,278.600006,280,273.196045,778439
6/29/2018,284.200012,288.950012,282.75,285.200012,278.269684,817767
7/2/2018,283.049988,284.850006,281,281.450012,274.610809,621340
7/3/2018,283.950012,287.049988,283.299988,285.299988,278.367218,624410
7/4/2018,285.299988,285.299988,282.350006,284.299988,277.391541,351235
7/5/2018,285.350006,285.850006,281.549988,283.25,276.367065,748130
7/6/2018,285.149994,287.600006,284.350006,287.600006,280.611359,585437
7/9/2018,289.950012,291,287.950012,290.200012,283.148193,485599
7/10/2018,290.450012,293.850006,290.399994,293.200012,286.075287,601594
7/11/2018,290.850006,291.049988,285.899994,286,279.050232,566261
7/12/2018,287.399994,290,286.799988,289.350006,282.318848,382292
7/13/2018,292,295.950012,292,295.950012,288.758484,539123
7/16/2018,296.399994,297.25,292.299988,292.950012,285.83136,322222
7/17/2018,293.649994,296,291.450012,295.850006,288.660889,328481
7/18/2018,298,302.299988,296.399994,298.799988,291.539185,509363
7/19/2018,298.75,298.75,295,295.450012,288.270599,419110
7/20/2018,295.049988,299.899994,293.200012,296.25,289.051178,741120
7/23/2018,294.049988,294.799988,290.450012,293.049988,285.928925,368778
7/24/2018,295.200012,301.5,293.950012,301.100006,293.783325,670031
7/25/2018,306,308.899994,304.100006,306.549988,299.100861,820321
7/26/2018,310,310.200012,300.200012,306,298.56424,788232
7/27/2018,301.450012,303.850006,299.149994,301.149994,293.832092,572973
7/30/2018,300.700012,303.299988,298.600006,298.649994,291.392822,360258
7/31/2018,299.200012,300.149994,293.799988,298.850006,291.587982,533558
8/1/2018,299,302.600006,297.700012,298.450012,291.197723,448748
8/2/2018,297,297.100006,292.75,294.200012,287.050995,664871
8/3/2018,295.100006,296.399994,293.850006,295.299988,288.124237,402677
8/6/2018,295.549988,301.950012,295.299988,298.149994,290.904999,460882
8/7/2018,299,304.5,299,303.299988,295.92984,413439
8/8/2018,303.549988,304.600006,299.299988,299.399994,292.124634,427234
8/9/2018,299.600006,303.149994,298.700012,303,295.637146,326935
8/10/2018,300.75,300.850006,294.600006,295.549988,288.368164,676085
8/13/2018,295.549988,298,293.700012,297.5,290.270782,405999
8/14/2018,299.649994,301.799988,298.100006,300.049988,292.75882,409308
8/15/2018,300.299988,300.700012,290,291.149994,284.075104,648874
8/16/2018,293.149994,298.399994,292.149994,297.799988,290.563507,496033
8/17/2018,298.700012,299.299988,294.200012,296.899994,289.685333,387292
8/20/2018,297.049988,300.600006,295.25,299.25,291.978271,371650
8/21/2018,297.75,301.049988,297.100006,298.850006,291.587982,343960
8/22/2018,299.450012,300.950012,297.799988,300.25,292.953979,287254
8/23/2018,300.899994,302.950012,298.75,299.5,292.222198,297773
8/24/2018,299.549988,301.799988,299.350006,299.350006,292.075836,334658
8/27/2018,301.049988,302.899994,300.649994,302.600006,295.246857,323106
8/28/2018,303.450012,309.850006,303.200012,308.25,300.759583,508218
8/29/2018,309.399994,309.799988,307.200012,309.5,301.979187,362007
8/30/2018,309.700012,312.600006,308.700012,310.100006,302.564636,418526
8/31/2018,309,309,300.649994,302.149994,294.80777,228772
9/3/2018,299.5,303.75,297.600006,302.299988,294.954132,495267
9/4/2018,304.200012,304.799988,291.350006,291.700012,284.611725,800246
9/5/2018,290,290.149994,280.049988,281.25,274.41568,1051068
9/6/2018,281.5,284.399994,280.399994,280.649994,273.830231,844149
9/7/2018,282,285,278.600006,284.149994,277.245178,746836
9/10/2018,285.450012,286.399994,282.299988,284.799988,277.879395,494243
9/11/2018,286.700012,287.100006,281.149994,283.950012,277.050079,512613
9/12/2018,286,291.25,285.549988,290.75,283.684814,681622
9/13/2018,290.200012,293,289.799988,290.200012,283.148193,474759
9/14/2018,292.549988,294.299988,290.100006,292.350006,285.245941,519047
9/17/2018,291.950012,291.950012,286.149994,288.149994,281.14801,467004
9/18/2018,287.799988,292.600006,286.100006,288.100006,281.099213,477816
9/19/2018,287.950012,291.799988,286.5,290.25,283.19696,419772
9/20/2018,291.25,297.100006,289.700012,296,288.807251,695066
9/21/2018,298.549988,305.850006,297.799988,305.850006,298.417877,2088191
9/24/2018,303.450012,305.799988,302.649994,305.700012,298.271545,516445
9/25/2018,305.5,306.75,303.299988,303.899994,296.515259,495409
9/26/2018,303.25,306.200012,302.950012,305.950012,298.515472,588718
9/27/2018,305.149994,307.649994,303.649994,307.649994,300.174133,430022
9/28/2018,306.25,310.25,303.799988,304.600006,297.198273,613750
10/1/2018,304.549988,307.950012,303.600006,306.899994,299.442383,401092
10/2/2018,306,306.350006,300.149994,300.350006,293.051544,725827
10/3/2018,301.549988,303.350006,299.25,302.75,295.393219,417196
10/4/2018,300.100006,300.399994,286.200012,287.950012,280.952881,1240441
10/5/2018,289.700012,289.899994,283.399994,286.200012,279.245392,729652
10/8/2018,284,284.799988,281.149994,281.850006,275.001099,789970
10/9/2018,282.25,287.299988,280.25,285.700012,278.757538,663004
10/10/2018,284.399994,286.399994,261.649994,265.299988,258.853241,2375403
10/11/2018,260.049988,266.700012,257.299988,261.950012,255.584656,1589684
10/12/2018,267.899994,270,262.5,262.5,256.121277,878041
10/15/2018,262.899994,263.5,257.049988,260.450012,254.121124,870263
10/16/2018,260.5,266.350006,257.149994,264.25,257.828735,893880
10/17/2018,267,269.549988,261.799988,264.149994,257.731171,699809
10/18/2018,264.299988,265.350006,260.549988,260.899994,254.56015,715182
10/19/2018,260.950012,266.149994,259.149994,263.25,256.853058,992332
10/22/2018,265.299988,268.600006,263.25,263.25,256.853058,497799
10/23/2018,260,261.549988,257.549988,258.049988,251.779404,802109
10/24/2018,265,267,259.049988,259.649994,253.340546,907678
10/25/2018,257.5,266.399994,257,265.450012,258.999634,911601
10/26/2018,262.799988,264.549988,257.950012,262.450012,256.07251,932587
10/29/2018,263.899994,265.950012,260.850006,261.950012,255.584656,528884
10/30/2018,262.149994,264.049988,256.149994,259.950012,253.633286,740199
10/31/2018,263.5,270.200012,262.100006,268.799988,262.268188,1148471
11/1/2018,268.799988,270.149994,264.950012,269.799988,263.243896,624593
11/2/2018,280,280.700012,276.200012,279.049988,272.269104,1161486
11/5/2018,277.200012,278.600006,275.950012,277.700012,270.951965,494009
11/6/2018,277.700012,277.700012,273,273,266.366119,569103
11/7/2018,274.799988,278.799988,274.049988,276.25,269.53714,671832
11/8/2018,276.5,276.5,269.600006,271,264.414703,622981
11/9/2018,268,268,262.799988,266,259.536224,768709
11/12/2018,266.75,267,263.049988,263.450012,257.048218,518351
11/13/2018,265,270,263.600006,269.700012,263.146332,734584
11/14/2018,267.649994,271.5,264.299988,268.100006,261.585205,568127
11/15/2018,270.549988,270.799988,262.600006,265.399994,258.950806,577762
11/16/2018,266,268.700012,262.350006,264.25,257.828735,658945
11/19/2018,265.899994,266.549988,258.799988,259.25,252.950287,665625
11/20/2018,257.399994,257.799988,251.949997,253.850006,247.681488,879353
11/21/2018,256.600006,261.100006,254.75,260.649994,254.316269,744474
11/22/2018,259.299988,261.149994,257.5,258.5,252.218506,384126
11/23/2018,258.799988,260.100006,255.600006,258.450012,252.169708,506587
11/26/2018,261.100006,263.700012,256.600006,256.600006,250.36467,714425
11/27/2018,257.5,258.350006,252.75,254.199997,248.02298,639670
11/28/2018,256,258.950012,253.75,256.549988,250.315857,784546
11/29/2018,259.049988,260.700012,255.649994,256.5,250.26709,663043
11/30/2018,257.649994,257.649994,249.75,252.550003,246.413071,1194021
12/3/2018,260.5,269.049988,260.100006,265.25,258.804474,1373047
12/4/2018,261.149994,264.450012,258.799988,261.850006,257.428131,797446
12/5/2018,257.5,262.049988,256.899994,259.5,255.117783,445436
12/6/2018,256,256,246.550003,247.899994,243.713684,1196304
12/7/2018,249.949997,254.699997,249.5,249.5,245.286652,648880
12/10/2018,246.850006,248.25,242.300003,243.25,239.142212,846742
12/11/2018,248.350006,254.199997,245.550003,249.25,245.040878,906181
12/12/2018,250.75,256.149994,248.399994,254.350006,250.054749,622217
12/13/2018,256.200012,256.850006,252.350006,255.850006,251.529434,632507
12/14/2018,248.899994,253.850006,248,251.949997,247.695282,836436
12/17/2018,250,250.899994,247.5,250.100006,245.876526,647287
12/18/2018,248,256.049988,247.800003,252,247.744446,954683
12/19/2018,253.600006,256.299988,251.850006,252.399994,248.13768,740215
12/20/2018,248.899994,253.850006,248.449997,250.100006,245.876526,823637
12/21/2018,249.350006,254.699997,246.850006,253.449997,249.169952,1487420
12/24/2018,250.899994,250.899994,243.5,245.149994,241.010101,223339
12/27/2018,252.5,252.5,243.199997,247.149994,242.976349,639884
12/28/2018,250.75,254.350006,248.399994,252.75,248.481781,554727
12/31/2018,253.550003,259.25,253.550003,258.200012,253.839767,207853
1/2/2019,254.050003,256.049988,249.800003,253.300003,249.022491,561858
1/3/2019,248,248.850006,243.649994,243.649994,239.535446,785119
1/4/2019,246.449997,251.949997,244.100006,251.149994,246.908783,886586
1/7/2019,252.649994,253.5,249.300003,250.699997,246.4664,550835
1/8/2019,251.5,262.5,250.100006,258.549988,254.183823,742574
1/9/2019,261.75,266.200012,261.350006,261.549988,257.133148,646844
1/10/2019,259.5,261.100006,257.649994,259.149994,254.773697,666326
1/11/2019,261,262.200012,256.700012,258.299988,253.938049,525969
1/14/2019,254.550003,254.550003,249.100006,251.699997,247.449509,678686
1/15/2019,253.949997,254.699997,249.699997,250.800003,246.564697,600204
1/16/2019,252,252.699997,248.649994,248.949997,244.745956,615045
1/17/2019,248,248.699997,245.5,246.550003,242.386475,784017
1/18/2019,247.699997,254.5,247.100006,253.399994,249.120789,1129978
1/21/2019,254,257.850006,253.300003,257.25,252.905777,483650
1/22/2019,256,258.450012,255.199997,257.100006,252.758331,560124
1/23/2019,255.100006,259.450012,254.350006,257.350006,253.004105,544760
1/24/2019,257.049988,259.5,254.850006,257.850006,253.495651,538318
1/25/2019,259.899994,262.549988,258.950012,261.100006,256.690765,774671
1/28/2019,259.5,259.600006,256.700012,258.649994,254.282135,546032
1/29/2019,256.75,262,255.75,259.75,255.363571,681987
1/30/2019,271,279.450012,270.049988,277.600006,272.91214,1701345
1/31/2019,280,280,275.049988,279.75,275.025848,1018807
2/1/2019,282.5,285.649994,281.149994,284.649994,279.843079,1008099
2/4/2019,284.600006,284.600006,280.299988,282.600006,277.827698,611878
2/5/2019,282.700012,292.25,281.600006,291.149994,286.233307,936779
2/6/2019,288,290.799988,286.350006,288.100006,283.234802,663981
2/7/2019,287.049988,290.700012,282.649994,283.399994,278.614166,771808
2/8/2019,282.200012,286.399994,281.5,283.549988,278.761627,675564
2/11/2019,286.399994,289.799988,285.149994,288.299988,283.431427,577207
2/12/2019,285.200012,295.950012,285.200012,294.799988,289.821655,956591
2/13/2019,296.049988,298.899994,294.5,294.649994,289.674225,615149
2/14/2019,298.899994,299.700012,290.649994,290.850006,285.938385,757985
2/15/2019,289.549988,297.399994,288.850006,294.200012,289.231812,652357
2/18/2019,294.850006,296.5,293.649994,295.100006,290.116608,315942
2/19/2019,295.549988,297.299988,292.600006,297.25,292.230286,549831
2/20/2019,297.100006,299.100006,293.700012,296.600006,291.591278,445663
2/21/2019,296.200012,298.700012,295.5,296.950012,291.935364,399174
2/22/2019,297.950012,300.100006,297.049988,299.75,294.68808,454451
2/25/2019,302,304.299988,301.399994,302.899994,297.784882,546542
2/26/2019,301.149994,305,300.149994,304.25,299.112091,519944
2/27/2019,303.700012,304.25,300.899994,302.399994,297.293304,456142
2/28/2019,300.049988,303.950012,300,302,296.900085,607811
3/1/2019,305,310.350006,304.5,306.600006,301.422394,698031
3/4/2019,309.700012,310.649994,307.549988,308,302.798737,502921
3/5/2019,307,309.950012,305.649994,309,303.78186,487960
3/6/2019,308.299988,309.649994,305.799988,306.899994,301.717346,579273
3/7/2019,306.5,308.350006,304.649994,306.049988,300.881683,552136
3/8/2019,302.200012,307.100006,301.700012,305.799988,300.635895,617703
3/11/2019,308.549988,309.5,303.950012,306.399994,301.2258,522688
3/12/2019,306.700012,309.399994,305.850006,308.600006,303.388641,502289
3/13/2019,306.899994,312.799988,306.75,310.5,305.256561,580282
3/14/2019,310.5,316.149994,308.350006,315.600006,310.270447,672763
3/15/2019,316.850006,321.450012,315.799988,318.600006,313.219757,1505617
3/18/2019,316.850006,318.850006,316.100006,317.149994,311.79425,427060
3/19/2019,318,321.350006,317.700012,320.299988,314.891022,561345
3/20/2019,320,321.700012,317.950012,318.200012,312.826538,476596
3/21/2019,320.200012,321.549988,316,317.799988,312.433258,481047
3/22/2019,319.350006,320.799988,312.399994,313.450012,308.156738,682749
3/25/2019,310.450012,317.899994,285.700012,317.700012,312.334961,765877
3/26/2019,319.649994,324.350006,318,322.799988,317.348846,629182
3/27/2019,322.5,325.149994,321.100006,322.899994,317.447113,640901
3/28/2019,322.850006,327,322.5,324.100006,318.626892,507123
3/29/2019,329,330.399994,326.5,327.899994,322.362701,709689
4/1/2019,332.5,333.75,330,333.25,327.622345,675106
4/2/2019,334.049988,334.600006,331.75,334.5,328.851257,660369
4/3/2019,335.299988,337.350006,332.899994,334,328.359711,581652
4/4/2019,334.399994,335,333.049988,333.549988,327.917297,605021
4/5/2019,334.950012,337.5,333.649994,336.049988,330.375061,764125
4/8/2019,336.5,336.850006,331.450012,332,326.393494,549938
4/9/2019,330.25,333.75,327.299988,327.299988,321.772827,722056
4/10/2019,328.299988,330.700012,327.149994,329.75,324.181458,556555
4/11/2019,340.5,346.75,338.950012,344.950012,339.124786,1038108
4/12/2019,346,348.899994,341.850006,342.899994,337.109375,571291
4/15/2019,343,344.850006,340.5,342.950012,337.158569,433354
4/16/2019,344.700012,346.649994,342,346.299988,340.451996,461686
4/17/2019,347.149994,351.549988,345.950012,350.850006,344.925171,597099
4/18/2019,349,354.350006,346.549988,352.299988,346.350647,982534
4/23/2019,349.799988,351.200012,346.700012,349.100006,343.204712,656086
4/24/2019,348,352.25,347.700012,350.950012,345.023499,532252
4/25/2019,348,348.450012,344.100006,347.850006,345.918488,494912
4/26/2019,347.700012,348.899994,343.600006,346.450012,344.526245,416328
4/29/2019,346.850006,348.25,343.5,345.350006,343.432343,383365
4/30/2019,346.75,349.049988,344.600006,349.049988,347.111786,556298
5/2/2019,349.450012,351.200012,348.149994,351,349.050964,694494
5/3/2019,350,355.049988,350,355.049988,353.078491,468076
5/6/2019,346.600006,346.600006,341.5,344.399994,342.48761,687298
5/7/2019,344,345.450012,334.600006,335.049988,333.189545,717360
5/8/2019,333.049988,339.799988,333,339.600006,337.714294,589689
5/9/2019,334.600006,336.549988,330.399994,331.850006,330.007324,648732
5/10/2019,335,338,331.799988,333.549988,331.697876,561304
5/13/2019,333,333,323.049988,323.75,321.952301,611125
5/14/2019,326.700012,334.799988,326.399994,334.299988,332.443695,629105
5/15/2019,336.200012,337.149994,329.049988,337.149994,335.277893,556644
5/16/2019,336.649994,341.200012,333.850006,341.200012,339.30542,589339
5/17/2019,340.200012,342.700012,336.899994,340.850006,338.957336,658521
5/20/2019,339.700012,340.799988,328.649994,330.049988,328.217285,628134
5/21/2019,332.100006,336,329.700012,335.149994,333.288971,495509
5/22/2019,336.700012,339,333.649994,336.299988,334.432587,470565
5/23/2019,334,335.549988,331.600006,334,332.145386,708374
5/24/2019,335.049988,337.299988,335,336.5,334.6315,575972
5/27/2019,338.5,341.450012,336.5,338.649994,336.769562,222774
5/28/2019,339.649994,342.600006,336.649994,342.600006,340.697632,917832
5/29/2019,338.149994,340.5,336.75,338.200012,336.322052,881878
5/30/2019,338.549988,341.75,337.5,341.649994,339.752899,382038
5/31/2019,337.549988,338.850006,333.5,338.600006,336.719849,816098
6/3/2019,335.299988,340.5,330.399994,340.5,338.609283,731788
6/4/2019,336,342.25,334.549988,342.100006,340.200409,766874
6/5/2019,342.950012,352.600006,342.5,349.5,347.559296,765834
6/6/2019,351.549988,357.100006,349.049988,350.350006,348.404602,770857
6/7/2019,350.700012,360.450012,350.600006,357.049988,355.067383,725433
6/10/2019,360,360.350006,357.25,358.200012,356.210999,282579
6/11/2019,359.950012,363.700012,359.200012,359.600006,357.603241,525245
6/12/2019,357.700012,359.950012,355.25,356.799988,354.818756,651478
6/13/2019,355.200012,355.75,353.049988,355.25,353.277374,524987
6/14/2019,355.149994,356.399994,352.700012,354,352.034332,608201
6/17/2019,355.049988,360,354.149994,358.299988,356.310425,582785
6/18/2019,358.25,370.5,356.799988,368.799988,366.752136,900429
6/19/2019,370,370.950012,364.799988,366,363.967682,619848
6/20/2019,369.899994,372.299988,368.75,370,367.945465,633607
6/21/2019,370.5,373.950012,367.25,368.299988,366.254913,1432369
6/24/2019,370,371.25,366.549988,371.25,369.188538,485551
6/25/2019,368.75,373.149994,368.450012,371.700012,369.636047,485233
6/26/2019,370.649994,375.25,366.799988,367.600006,365.558807,579443
6/27/2019,368.25,370.399994,367,368.350006,366.304657,440354
6/28/2019,368.850006,375.149994,368.600006,374.299988,372.221588,601351
7/1/2019,380.149994,381.950012,372.200012,374.600006,372.519928,635086
7/2/2019,377.149994,378,375,377.5,375.403839,445176
7/3/2019,378.700012,381.450012,377.5,380,377.889954,383704
7/4/2019,382.049988,382.100006,378.049988,381.350006,379.232452,296850
7/5/2019,381.399994,381.649994,378,380.799988,378.685486,430879
7/8/2019,378.049988,383,377.899994,383,380.873291,359857
7/9/2019,380,383.149994,378.899994,383,380.873291,404047
7/10/2019,381.5,383.399994,377.950012,381,378.884399,477794
7/11/2019,380.850006,384.149994,380.600006,383.100006,380.972748,411816
7/12/2019,383.899994,385.200012,382.549988,384,381.867737,358452
7/15/2019,384,385.600006,380,380.049988,377.939667,460910
7/16/2019,381,386.049988,379.549988,385.299988,383.160492,497824
7/17/2019,385.399994,389.450012,382.700012,382.700012,380.574982,427789
7/18/2019,379,384.25,378.100006,382.850006,380.724121,415431
7/19/2019,384.850006,388.799988,382,382.299988,380.177155,449561
7/22/2019,380,384.950012,378.899994,384.799988,382.663269,314332
7/23/2019,385.649994,388.600006,380.850006,383.299988,381.1716,563900
7/24/2019,384.5,384.5,378.350006,380.299988,378.188263,506993
7/25/2019,385.850006,392.649994,371.549988,376.149994,374.06131,1096637
7/26/2019,375,386.200012,371.100006,385.600006,383.458862,786230
7/29/2019,383,383,374.5,378.75,376.646881,776261
7/30/2019,379.950012,380,371.600006,374.5,372.420502,694330
7/31/2019,372.75,377,371.350006,375.299988,373.216034,664095
8/1/2019,373,379.299988,372.850006,379.100006,376.994965,446812
8/2/2019,367.5,369.5,354.899994,358.399994,356.409882,1580496
8/5/2019,349,352.950012,341.5,343.25,341.344025,1347763
8/6/2019,343,354.549988,342.200012,350.450012,348.504059,953668
8/7/2019,353.799988,359.850006,351.700012,357.649994,355.664032,911065
8/8/2019,364.200012,368.25,360.350006,368.25,366.2052,689582
8/9/2019,366.649994,367.950012,363.600006,364.350006,362.326843,527143
8/12/2019,366.450012,369.549988,353.200012,356.549988,354.57016,600991
8/13/2019,353.149994,363.899994,348.75,359.549988,357.553497,811014
8/14/2019,360,361,346.200012,348.149994,346.216797,781767
8/15/2019,350.200012,350.200012,341,345.700012,343.780426,869784
8/16/2019,346.350006,350.100006,345.25,348.450012,346.515137,633096
8/19/2019,351.5,357.100006,349.5,356.850006,354.8685,527565
8/20/2019,357.899994,358.5,353.950012,355.700012,353.724884,471064
8/21/2019,356.299988,370.5,355.950012,369.100006,367.050476,668975
8/22/2019,368.149994,368.149994,360.899994,361.100006,359.09491,537622
8/23/2019,365,365,355.5,355.5,353.526001,509513
8/26/2019,352.700012,357.450012,351.25,353.600006,351.636536,371216
8/27/2019,354.350006,360.350006,351.950012,359.850006,357.851837,520465
8/28/2019,357.75,358.450012,352.600006,355.850006,353.874054,422593
8/29/2019,355.799988,362.75,353.549988,361.350006,359.343506,425724
8/30/2019,361,365.450012,357.600006,362.399994,360.387665,461988
9/2/2019,362.25,364.350006,360.75,362.899994,360.884888,215030
9/3/2019,363,363.899994,353.649994,355.649994,353.67514,420648
9/4/2019,365.799988,369.850006,364.100006,368.5,366.453796,567440
9/5/2019,370,377.200012,369.299988,376.399994,374.309937,765243
9/6/2019,377,380.200012,375.850006,379.899994,377.790497,534386
9/9/2019,378.799988,380.299988,376.549988,378.950012,376.845795,328529
9/10/2019,379.049988,379.700012,369.899994,373.149994,371.077972,612252
9/11/2019,375.049988,379.25,374.100006,378.149994,376.050201,486035
9/12/2019,381.299988,384.200012,376.850006,379.700012,377.591614,564799
9/13/2019,381,383.399994,378.450012,382,379.878845,475920
9/16/2019,377,377.200012,363.600006,367.100006,365.061584,761368
9/17/2019,367.450012,368.100006,362.75,367.200012,365.161041,394717
9/18/2019,368,369.049988,363.200012,364.700012,362.674927,427320
9/19/2019,365.850006,370.649994,364.100006,367.299988,365.260468,421446
9/20/2019,367.399994,370.049988,363.549988,370.049988,367.995178,1531622
9/23/2019,367.25,367.850006,362.25,366.450012,364.415192,385896
9/24/2019,366.950012,371.25,366.149994,370.049988,367.995178,390213
9/25/2019,368.25,369.399994,358.850006,361.200012,359.194366,558283
9/26/2019,358.399994,364.899994,356.299988,360.899994,358.895996,449539
9/27/2019,362.899994,364.200012,358.049988,360.149994,358.150177,510804
9/30/2019,360.75,364.649994,358.450012,364.649994,362.625183,516908
10/1/2019,366.799988,367.549988,357.100006,357.100006,355.117126,508526
10/2/2019,357.450012,357.649994,344,344,342.089844,674729
10/3/2019,350,352.350006,344.299988,346.799988,344.874298,741927
10/4/2019,350.200012,351,345,349.600006,347.658752,535623
10/7/2019,349.700012,354.049988,347.200012,353.799988,351.835419,460389
10/8/2019,354.049988,355.25,349,351.049988,349.100677,497236
10/9/2019,351.149994,357,349.600006,357,355.01767,534251
10/10/2019,374.850006,377.049988,365.799988,376.850006,374.757446,1196107
10/11/2019,378,380.700012,375.200012,378.200012,376.099945,839206
10/14/2019,375.850006,379.950012,374.75,379.25,377.144104,321855
10/15/2019,382.5,384.399994,379.350006,380.5,378.387177,557059
10/16/2019,379.549988,380.149994,375.549988,378.100006,376.000519,444595
10/17/2019,379.200012,382.350006,374.75,374.75,372.669098,531108
10/18/2019,373.899994,377.899994,373.049988,375.049988,372.967407,515274
10/21/2019,375.649994,376.649994,372.799988,374.600006,372.519928,337676
10/22/2019,374.350006,376.649994,370.149994,376.649994,374.558533,305573
10/23/2019,374.399994,375.950012,370.299988,375,372.917725,415169
10/24/2019,377.600006,379.350006,373.850006,377.049988,374.956329,351479
10/25/2019,376.149994,383.950012,376,383.950012,381.818024,411884
10/28/2019,385,389.600006,382.100006,382.100006,379.978302,537028
10/29/2019,382.600006,383.899994,379.700012,380.25,378.13855,433890
10/30/2019,379.549988,385.5,376.75,384.450012,382.315247,408123
10/31/2019,385.899994,388.450012,381.399994,382.5,380.376068,521851
11/1/2019,384.5,389.700012,384.200012,389.25,387.088593,309162
11/4/2019,391,398.600006,390,397.5,395.292786,556084
11/5/2019,399,400.899994,394.450012,400.25,398.027496,483733
11/6/2019,400.549988,401.600006,397,399.549988,397.33139,403886
11/7/2019,402,404.450012,400.799988,404,401.756683,474972
11/8/2019,402.25,404.549988,400,403,400.762238,464275
11/11/2019,400.399994,403.5,399.200012,403.25,401.010834,359868
11/12/2019,403.899994,405.299988,402.049988,403.399994,401.160004,339248
11/13/2019,403,405.799988,401.350006,401.850006,399.618622,462268
11/14/2019,403.049988,404.600006,401.299988,403.75,401.508057,282090
11/15/2019,405.600006,407.850006,403.799988,405.5,403.248352,542868
11/18/2019,406.649994,407.100006,400.450012,402.25,400.016388,415619
11/19/2019,403.25,404.850006,395.850006,398.200012,395.988892,503871
11/20/2019,397,399.799988,394.450012,398.200012,395.988892,381166
11/21/2019,397,397.299988,392.549988,394.5,392.309418,501484
11/22/2019,394.649994,398.850006,393.549988,396.25,394.049713,407070
11/25/2019,400.600006,405.899994,400.299988,404.25,402.00528,548923
11/26/2019,405.899994,411,404.850006,407.350006,405.088074,574721
11/27/2019,410.950012,411.049988,406.799988,408.649994,406.380859,329656
11/28/2019,408,408.399994,405.549988,406.75,404.491425,232094
11/29/2019,405.75,410.25,404.25,407.299988,405.03833,474506
12/2/2019,408,410.799988,396.299988,396.549988,394.348022,722510
12/3/2019,390.950012,392,386.600006,390.700012,388.530548,776715
12/4/2019,391.100006,399.549988,391,396,393.801117,541644
12/5/2019,398.200012,400.850006,396.200012,396.200012,394,444062
12/6/2019,395.299988,401.350006,394.200012,401.350006,401.350006,475552
12/9/2019,401.950012,402.5,398.350006,399.25,399.25,345701
12/10/2019,398.600006,399.25,391.899994,396.799988,396.799988,494628
12/11/2019,397.450012,399.799988,394.600006,399.600006,399.600006,398818
12/12/2019,400.049988,402.350006,396.450012,398.200012,398.200012,493893
12/13/2019,406.75,407.149994,401.950012,403.799988,403.799988,573232
12/16/2019,406.799988,411.600006,406.200012,409.700012,409.700012,511002
12/17/2019,407.399994,408.299988,401.149994,402.649994,402.649994,734684
12/18/2019,401.5,403,400.149994,400.850006,400.850006,593446
12/19/2019,401.450012,402.25,399.200012,402.25,402.25,429682
12/20/2019,403.75,410.5,400.5,410.5,410.5,1290604
12/23/2019,410,414.649994,408,413.799988,413.799988,363715
12/24/2019,413,415.5,412.5,414.100006,414.100006,65511
12/25/2019,414.100006,414.100006,414.100006,414.100006,414.100006,0
12/27/2019,417,419.450012,415.200012,417.600006,417.600006,364536
12/30/2019,419.25,419.5,414.049988,414.600006,414.600006,226651
12/31/2019,414.200012,416.5,411.850006,414.200012,414.200012,102945
1/2/2020,418,421.5,416.399994,419.149994,419.149994,347226
1/3/2020,417,419.100006,414.100006,419.100006,419.100006,291716
1/6/2020,415,416.200012,408.600006,415.149994,415.149994,363953
1/7/2020,417.600006,421.549988,415.399994,416,416,363885
1/8/2020,414.700012,418.799988,413.549988,418.799988,418.799988,360741
1/9/2020,422,424.5,421.350006,424.5,424.5,378062
1/10/2020,425.200012,426.299988,422.649994,423.649994,423.649994,268887
1/13/2020,424.549988,428,423.700012,426.75,426.75,375035
1/14/2020,427.600006,431.299988,423.600006,431,431,513855
1/15/2020,432.600006,433.700012,428.950012,431.450012,431.450012,429805
1/16/2020,432.600006,434.950012,429.600006,431.899994,431.899994,442227
1/17/2020,435,439.049988,432.649994,439.049988,439.049988,519809
1/20/2020,438.25,438.25,428.549988,429.75,429.75,345795
1/21/2020,419.700012,426.100006,412.600006,424.950012,424.950012,674294
1/22/2020,426.399994,427.25,423.149994,423.450012,423.450012,427634
1/23/2020,417.850006,421.350006,411.649994,411.950012,411.950012,663493
1/24/2020,null,null,null,null,null,null
1/27/2020,402.899994,405.549988,398.25,401,401,1193045
1/28/2020,402.5,412,400.899994,412,412,911017
1/29/2020,412,420.649994,404.399994,407.600006,407.600006,1050070
1/30/2020,400.049988,404.899994,397.5,398.899994,398.899994,919787
1/31/2020,400.799988,401.149994,394.100006,395.299988,395.299988,852171
